"DateTime";"Viewers"
"2015-07-17 00:00:00";7079
"2015-07-18 00:00:00";7006
"2015-07-19 00:00:00";13434
"2015-07-20 00:00:00";22073
"2015-07-21 00:00:00";11884
"2015-07-22 00:00:00";7466
"2015-07-23 00:00:00";10777
"2015-07-24 00:00:00";11734
"2015-07-25 00:00:00";13565
"2015-07-26 00:00:00";6859
"2015-07-27 00:00:00";20244
"2015-07-28 00:00:00";9883
"2015-07-29 00:00:00";11963
"2015-07-30 00:00:00";12920
"2015-07-31 00:00:00";8996
"2015-08-01 00:00:00";22732
"2015-08-02 00:00:00";12355
"2015-08-03 00:00:00";12942
"2015-08-04 00:00:00";6097
"2015-08-05 00:00:00";11434
"2015-08-06 00:00:00";13330
"2015-08-07 00:00:00";9598
"2015-08-08 00:00:00";17050
"2015-08-09 00:00:00";14673
"2015-08-10 00:00:00";8592
"2015-08-11 00:00:00";12627
"2015-08-12 00:00:00";16046
"2015-08-13 00:00:00";8485
"2015-08-14 00:00:00";10897
"2015-08-15 00:00:00";16363
"2015-08-16 00:00:00";7804
"2015-08-17 00:00:00";7915
"2015-08-18 00:00:00";6041
"2015-08-19 00:00:00";7977
"2015-08-20 00:00:00";9609
"2015-08-21 00:00:00";8155
"2015-08-22 00:00:00";14042
"2015-08-23 00:00:00";7211
"2015-08-24 00:00:00";18899
"2015-08-25 00:00:00";7133
"2015-08-26 00:00:00";11051
"2015-08-27 00:00:00";6838
"2015-08-28 00:00:00";7965
"2015-08-29 00:00:00";6412
"2015-08-30 00:00:00";8270
"2015-08-31 00:00:00";13484
"2015-09-01 00:00:00";12603
"2015-09-02 00:00:00";12691
"2015-09-03 00:00:00";8447
"2015-09-04 00:00:00";16550
"2015-09-05 00:00:00";6139
"2015-09-06 00:00:00";14423
"2015-09-07 00:00:00";5271
"2015-09-08 00:00:00";12344
"2015-09-09 00:00:00";9606
"2015-09-10 00:00:00";8167
"2015-09-11 00:00:00";9604
"2015-09-12 00:00:00";16080
"2015-09-13 00:00:00";13822
"2015-09-14 00:00:00";11276
"2015-09-15 00:00:00";40501
"2015-09-16 00:00:00";37459
"2015-09-17 00:00:00";13651
"2015-09-18 00:00:00";8881
"2015-09-19 00:00:00";15063
"2015-09-20 00:00:00";8114
"2015-09-21 00:00:00";5573
"2015-09-22 00:00:00";11787
"2015-09-23 00:00:00";6682
"2015-09-24 00:00:00";3314
"2015-09-25 00:00:00";14015
"2015-09-26 00:00:00";7314
"2015-09-27 00:00:00";12698
"2015-09-28 00:00:00";10494
"2015-09-29 00:00:00";9728
"2015-09-30 00:00:00";10333
"2015-10-01 00:00:00";4485
"2015-10-02 00:00:00";6004
"2015-10-03 00:00:00";4863
"2015-10-04 00:00:00";5399
"2015-10-05 00:00:00";9029
"2015-10-06 00:00:00";3794
"2015-10-07 00:00:00";8921
"2015-10-08 00:00:00";3184
"2015-10-09 00:00:00";9217
"2015-10-10 00:00:00";3606
"2015-10-11 00:00:00";9257
"2015-10-12 00:00:00";11302
"2015-10-13 00:00:00";5617
"2015-10-14 00:00:00";8422
"2015-10-15 00:00:00";6129
"2015-10-16 00:00:00";8854
"2015-10-17 00:00:00";17825
"2015-10-18 00:00:00";14470
"2015-10-19 00:00:00";8766
"2015-10-20 00:00:00";9581
"2015-10-21 00:00:00";11491
"2015-10-22 00:00:00";9798
"2015-10-23 00:00:00";8166
"2015-10-24 00:00:00";15181
"2015-10-25 00:00:00";12690
"2015-10-26 00:00:00";12067
"2015-10-27 00:00:00";6116
"2015-10-28 00:00:00";15420
"2015-10-29 00:00:00";11463
"2015-10-30 00:00:00";27743
"2015-10-31 00:00:00";18622
"2015-11-01 00:00:00";17532
"2015-11-02 00:00:00";10356
"2015-11-03 00:00:00";5511
"2015-11-04 00:00:00";13494
"2015-11-05 00:00:00";5482
"2015-11-06 00:00:00";4927
"2015-11-07 00:00:00";8400
"2015-11-08 00:00:00";6600
"2015-11-09 00:00:00";3608
"2015-11-10 00:00:00";4080
"2015-11-11 00:00:00";6119
"2015-11-12 00:00:00";8562
"2015-11-13 00:00:00";6202
"2015-11-14 00:00:00";7263
"2015-11-15 00:00:00";8075
"2015-11-16 00:00:00";7437
"2015-11-17 00:00:00";4273
"2015-11-18 00:00:00";5525
"2015-11-19 00:00:00";4654
"2015-11-20 00:00:00";3458
"2015-11-21 00:00:00";4958
"2015-11-22 00:00:00";6493
"2015-11-23 00:00:00";5201
"2015-11-24 00:00:00";5171
"2015-11-25 00:00:00";7015
"2015-11-26 00:00:00";3946
"2015-11-27 00:00:00";4680
"2015-11-28 00:00:00";13893
"2015-11-29 00:00:00";12700
"2015-11-30 00:00:00";5279
"2015-12-01 00:00:00";9558
"2015-12-02 00:00:00";3785
"2015-12-03 00:00:00";5899
"2015-12-04 00:00:00";7403
"2015-12-05 00:00:00";5064
"2015-12-06 00:00:00";9752
"2015-12-07 00:00:00";6079
"2015-12-08 00:00:00";4623
"2015-12-09 00:00:00";50669
"2015-12-10 00:00:00";3733
"2015-12-11 00:00:00";15644
"2015-12-12 00:00:00";12482
"2015-12-13 00:00:00";11214
"2015-12-14 00:00:00";28306
"2015-12-15 00:00:00";17277
"2015-12-16 00:00:00";12820
"2015-12-17 00:00:00";15645
"2015-12-18 00:00:00";12121
"2015-12-19 00:00:00";10622
"2015-12-20 00:00:00";23132
"2015-12-21 00:00:00";28917
"2015-12-22 00:00:00";24234
"2015-12-23 00:00:00";29648
"2015-12-24 00:00:00";41823
"2015-12-25 00:00:00";25367
"2015-12-26 00:00:00";35475
"2015-12-27 00:00:00";18281
"2015-12-28 00:00:00";30423
"2015-12-29 00:00:00";23875
"2015-12-30 00:00:00";18878
"2015-12-31 00:00:00";12237
"2016-01-01 00:00:00";9029
"2016-01-02 00:00:00";22323
"2016-01-03 00:00:00";24283
"2016-01-04 00:00:00";14581
"2016-01-05 00:00:00";9990
"2016-01-06 00:00:00";21008
"2016-01-07 00:00:00";13221
"2016-01-08 00:00:00";17802
"2016-01-09 00:00:00";22395
"2016-01-10 00:00:00";29400
"2016-01-11 00:00:00";15404
"2016-01-12 00:00:00";11203
"2016-01-13 00:00:00";32724
"2016-01-14 00:00:00";19455
"2016-01-15 00:00:00";11299
"2016-01-16 00:00:00";20920
"2016-01-17 00:00:00";26777
"2016-01-18 00:00:00";14623
"2016-01-19 00:00:00";12236
"2016-01-20 00:00:00";13812
"2016-01-21 00:00:00";13930
"2016-01-22 00:00:00";12768
"2016-01-23 00:00:00";27605
"2016-01-24 00:00:00";14068
"2016-01-25 00:00:00";15902
"2016-01-26 00:00:00";6507
"2016-01-27 00:00:00";14330
"2016-01-28 00:00:00";9981
"2016-01-29 00:00:00";16165
"2016-01-30 00:00:00";29205
"2016-01-31 00:00:00";13468
"2016-02-01 00:00:00";8028
"2016-02-02 00:00:00";18670
"2016-02-03 00:00:00";9229
"2016-02-04 00:00:00";10152
"2016-02-05 00:00:00";11515
"2016-02-06 00:00:00";40319
"2016-02-07 00:00:00";33153
"2016-02-08 00:00:00";10596
"2016-02-09 00:00:00";10151
"2016-02-10 00:00:00";10074
"2016-02-11 00:00:00";15629
"2016-02-12 00:00:00";12302
"2016-02-13 00:00:00";15987
"2016-02-14 00:00:00";10404
"2016-02-15 00:00:00";14255
"2016-02-16 00:00:00";23042
"2016-02-17 00:00:00";16003
"2016-02-18 00:00:00";11416
"2016-02-19 00:00:00";10192
"2016-02-20 00:00:00";13898
"2016-02-21 00:00:00";7822
"2016-02-22 00:00:00";6607
"2016-02-23 00:00:00";6753
"2016-02-24 00:00:00";14123
"2016-02-25 00:00:00";14367
"2016-02-26 00:00:00";17556
"2016-02-27 00:00:00";12241
"2016-02-28 00:00:00";14315
"2016-02-29 00:00:00";6356
"2016-03-01 00:00:00";9085
"2016-03-02 00:00:00";14245
"2016-03-03 00:00:00";5805
"2016-03-04 00:00:00";9976
"2016-03-05 00:00:00";14545
"2016-03-06 00:00:00";31582
"2016-03-07 00:00:00";13849
"2016-03-08 00:00:00";4975
"2016-03-09 00:00:00";8370
"2016-03-10 00:00:00";5014
"2016-03-11 00:00:00";7906
"2016-03-12 00:00:00";6061
"2016-03-13 00:00:00";8835
"2016-03-14 00:00:00";5222
"2016-03-15 00:00:00";6324
"2016-03-16 00:00:00";7089
"2016-03-17 00:00:00";5778
"2016-03-18 00:00:00";7840
"2016-03-19 00:00:00";31897
"2016-03-20 00:00:00";35928
"2016-03-21 00:00:00";26944
"2016-03-22 00:00:00";5170
"2016-03-23 00:00:00";38375
"2016-03-24 00:00:00";28052
"2016-03-25 00:00:00";7716
"2016-03-26 00:00:00";8567
"2016-03-27 00:00:00";10878
"2016-03-28 00:00:00";7469
"2016-03-29 00:00:00";3966
"2016-03-30 00:00:00";15998
"2016-03-31 00:00:00";5843
"2016-04-01 00:00:00";13471
"2016-04-02 00:00:00";12801
"2016-04-03 00:00:00";6847
"2016-04-04 00:00:00";6676
"2016-04-05 00:00:00";5316
"2016-04-06 00:00:00";12758
"2016-04-07 00:00:00";9443
"2016-04-08 00:00:00";5962
"2016-04-09 00:00:00";13885
"2016-04-10 00:00:00";7468
"2016-04-11 00:00:00";7361
"2016-04-12 00:00:00";7097
"2016-04-13 00:00:00";7700
"2016-04-14 00:00:00";16307
"2016-04-15 00:00:00";10454
"2016-04-16 00:00:00";7240
"2016-04-17 00:00:00";7116
"2016-04-18 00:00:00";12076
"2016-04-19 00:00:00";6649
"2016-04-20 00:00:00";6265
"2016-04-21 00:00:00";6336
"2016-04-22 00:00:00";5705
"2016-04-23 00:00:00";9340
"2016-04-24 00:00:00";8112
"2016-04-25 00:00:00";6451
"2016-04-26 00:00:00";14895
"2016-04-27 00:00:00";5853
"2016-04-28 00:00:00";16205
"2016-04-29 00:00:00";10617
"2016-04-30 00:00:00";20608
"2016-05-01 00:00:00";11237
"2016-05-02 00:00:00";5245
"2016-05-03 00:00:00";5204
"2016-05-04 00:00:00";15898
"2016-05-05 00:00:00";5364
"2016-05-06 00:00:00";14009
"2016-05-07 00:00:00";13397
"2016-05-08 00:00:00";7330
"2016-05-09 00:00:00";17614
"2016-05-10 00:00:00";5179
"2016-05-11 00:00:00";9514
"2016-05-12 00:00:00";7547
"2016-05-13 00:00:00";8353
"2016-05-14 00:00:00";5207
"2016-05-15 00:00:00";17862
"2016-05-16 00:00:00";8468
"2016-05-17 00:00:00";12670
"2016-05-18 00:00:00";11287
"2016-05-19 00:00:00";7752
"2016-05-20 00:00:00";15646
"2016-05-21 00:00:00";8971
"2016-05-22 00:00:00";9898
"2016-05-23 00:00:00";22889
"2016-05-24 00:00:00";4532
"2016-05-25 00:00:00";12877
"2016-05-26 00:00:00";5299
"2016-05-27 00:00:00";24225
"2016-05-28 00:00:00";17414
"2016-05-29 00:00:00";33802
"2016-05-30 00:00:00";39504
"2016-05-31 00:00:00";19497
"2016-06-01 00:00:00";24292
"2016-06-02 00:00:00";23073
"2016-06-03 00:00:00";25919
"2016-06-04 00:00:00";28914
"2016-06-05 00:00:00";19501
"2016-06-06 00:00:00";7538
"2016-06-07 00:00:00";49079
"2016-06-08 00:00:00";54948
"2016-06-09 00:00:00";15984
"2016-06-10 00:00:00";16680
"2016-06-11 00:00:00";12132
"2016-06-12 00:00:00";11420
"2016-06-13 00:00:00";8743
"2016-06-14 00:00:00";10600
"2016-06-15 00:00:00";10873
"2016-06-16 00:00:00";10705
"2016-06-17 00:00:00";11582
"2016-06-18 00:00:00";9502
"2016-06-19 00:00:00";31342
"2016-06-20 00:00:00";8330
"2016-06-21 00:00:00";12127
"2016-06-22 00:00:00";6748
"2016-06-23 00:00:00";6411
"2016-06-24 00:00:00";12880
"2016-06-25 00:00:00";8813
"2016-06-26 00:00:00";7898
"2016-06-27 00:00:00";22673
"2016-06-28 00:00:00";9195
"2016-06-29 00:00:00";14261
"2016-06-30 00:00:00";6953
"2016-07-01 00:00:00";21571
"2016-07-02 00:00:00";19688
"2016-07-03 00:00:00";19577
"2016-07-04 00:00:00";21210
"2016-07-05 00:00:00";23643
"2016-07-06 00:00:00";24677
"2016-07-07 00:00:00";12471
"2016-07-08 00:00:00";8507
"2016-07-09 00:00:00";16776
"2016-07-10 00:00:00";5538
"2016-07-11 00:00:00";12606
"2016-07-12 00:00:00";47054
"2016-07-13 00:00:00";37602
"2016-07-14 00:00:00";12050
"2016-07-15 00:00:00";19807
"2016-07-16 00:00:00";17336
"2016-07-17 00:00:00";18034
"2016-07-18 00:00:00";28912
"2016-07-19 00:00:00";23550
"2016-07-20 00:00:00";21214
"2016-07-21 00:00:00";15422
"2016-07-22 00:00:00";11021
"2016-07-23 00:00:00";12881
"2016-07-24 00:00:00";9830
"2016-07-25 00:00:00";16637
"2016-07-26 00:00:00";16127
"2016-07-27 00:00:00";8341
"2016-07-28 00:00:00";7771
"2016-07-29 00:00:00";16480
"2016-07-30 00:00:00";13116
"2016-07-31 00:00:00";21738
"2016-08-01 00:00:00";11599
"2016-08-02 00:00:00";10948
"2016-08-03 00:00:00";14635
"2016-08-04 00:00:00";31130
"2016-08-05 00:00:00";12904
"2016-08-06 00:00:00";8230
"2016-08-07 00:00:00";21424
"2016-08-08 00:00:00";10162
"2016-08-09 00:00:00";12882
"2016-08-10 00:00:00";8608
"2016-08-11 00:00:00";7823
"2016-08-12 00:00:00";9784
"2016-08-13 00:00:00";13335
"2016-08-14 00:00:00";8828
"2016-08-15 00:00:00";16474
"2016-08-16 00:00:00";14029
"2016-08-17 00:00:00";12293
"2016-08-18 00:00:00";18549
"2016-08-19 00:00:00";14927
"2016-08-20 00:00:00";11495
"2016-08-21 00:00:00";12913
"2016-08-22 00:00:00";13266
"2016-08-23 00:00:00";7232
"2016-08-24 00:00:00";8957
"2016-08-25 00:00:00";8724
"2016-08-26 00:00:00";10524
"2016-08-27 00:00:00";12940
"2016-08-28 00:00:00";8848
"2016-08-29 00:00:00";6273
"2016-08-30 00:00:00";6440
"2016-08-31 00:00:00";5223
"2016-09-01 00:00:00";3923
"2016-09-02 00:00:00";5209
"2016-09-03 00:00:00";5108
"2016-09-04 00:00:00";4207
"2016-09-05 00:00:00";5169
"2016-09-06 00:00:00";9315
"2016-09-07 00:00:00";8416
"2016-09-08 00:00:00";10241
"2016-09-09 00:00:00";7205
"2016-09-10 00:00:00";5758
"2016-09-11 00:00:00";6634
"2016-09-12 00:00:00";6913
"2016-09-13 00:00:00";10184
"2016-09-14 00:00:00";12226
"2016-09-15 00:00:00";8493
"2016-09-16 00:00:00";15630
"2016-09-17 00:00:00";16962
"2016-09-18 00:00:00";15588
"2016-09-19 00:00:00";12973
"2016-09-20 00:00:00";7704
"2016-09-21 00:00:00";12449
"2016-09-22 00:00:00";13241
"2016-09-23 00:00:00";7730
"2016-09-24 00:00:00";11315
"2016-09-25 00:00:00";15918
"2016-09-26 00:00:00";4329
"2016-09-27 00:00:00";10078
"2016-09-28 00:00:00";3371
"2016-09-29 00:00:00";4013
"2016-09-30 00:00:00";6610
"2016-10-01 00:00:00";3678
"2016-10-02 00:00:00";12602
"2016-10-03 00:00:00";4070
"2016-10-04 00:00:00";10189
"2016-10-05 00:00:00";6046
"2016-10-06 00:00:00";10614
"2016-10-07 00:00:00";7957
"2016-10-08 00:00:00";19022
"2016-10-09 00:00:00";18778
"2016-10-10 00:00:00";14226
"2016-10-11 00:00:00";8935
"2016-10-12 00:00:00";15447
"2016-10-13 00:00:00";6483
"2016-10-14 00:00:00";8241
"2016-10-15 00:00:00";15255
"2016-10-16 00:00:00";11640
"2016-10-17 00:00:00";9430
"2016-10-18 00:00:00";10744
"2016-10-19 00:00:00";16507
"2016-10-20 00:00:00";4718
"2016-10-21 00:00:00";24434
"2016-10-22 00:00:00";13165
"2016-10-23 00:00:00";17335
"2016-10-24 00:00:00";3386
"2016-10-25 00:00:00";12449
"2016-10-26 00:00:00";14602
"2016-10-27 00:00:00";4737
"2016-10-28 00:00:00";16923
"2016-10-29 00:00:00";9130
"2016-10-30 00:00:00";4337
"2016-10-31 00:00:00";5006
"2016-11-01 00:00:00";9581
"2016-11-02 00:00:00";6113
"2016-11-03 00:00:00";23524
"2016-11-04 00:00:00";9578
"2016-11-05 00:00:00";8282
"2016-11-06 00:00:00";26332
"2016-11-07 00:00:00";7749
"2016-11-08 00:00:00";7920
"2016-11-09 00:00:00";9972
"2016-11-10 00:00:00";6959
"2016-11-11 00:00:00";9279
"2016-11-12 00:00:00";9331
"2016-11-13 00:00:00";11012
"2016-11-14 00:00:00";8660
"2016-11-15 00:00:00";7767
"2016-11-16 00:00:00";10107
"2016-11-17 00:00:00";10905
"2016-11-18 00:00:00";9499
"2016-11-19 00:00:00";7310
"2016-11-20 00:00:00";10980
"2016-11-21 00:00:00";8516
"2016-11-22 00:00:00";7234
"2016-11-23 00:00:00";4199
"2016-11-24 00:00:00";4413
"2016-11-25 00:00:00";6099
"2016-11-26 00:00:00";6676
"2016-11-27 00:00:00";9653
"2016-11-28 00:00:00";8764
"2016-11-29 00:00:00";5795
"2016-11-30 00:00:00";2614
"2016-12-01 00:00:00";7819
"2016-12-02 00:00:00";4865
"2016-12-03 00:00:00";13648
"2016-12-04 00:00:00";10145
"2016-12-05 00:00:00";5161
"2016-12-06 00:00:00";5429
"2016-12-07 00:00:00";6499
"2016-12-08 00:00:00";4360
"2016-12-09 00:00:00";4061
"2016-12-10 00:00:00";15050
"2016-12-11 00:00:00";11894
"2016-12-12 00:00:00";4528
"2016-12-13 00:00:00";8882
"2016-12-14 00:00:00";14615
"2016-12-15 00:00:00";8038
"2016-12-16 00:00:00";12325
"2016-12-17 00:00:00";8256
"2016-12-18 00:00:00";7978
"2016-12-19 00:00:00";11982
"2016-12-20 00:00:00";13935
"2016-12-21 00:00:00";7682
"2016-12-22 00:00:00";9495
"2016-12-23 00:00:00";9850
"2016-12-24 00:00:00";7848
"2016-12-25 00:00:00";8048
"2016-12-26 00:00:00";8284
"2016-12-27 00:00:00";14125
"2016-12-28 00:00:00";31606
"2016-12-29 00:00:00";8627
"2016-12-30 00:00:00";17376
"2016-12-31 00:00:00";14161
"2017-01-01 00:00:00";10189
"2017-01-02 00:00:00";8603
"2017-01-03 00:00:00";20007
"2017-01-04 00:00:00";18147
"2017-01-05 00:00:00";17219
"2017-01-06 00:00:00";16474
"2017-01-07 00:00:00";7323
"2017-01-08 00:00:00";19766
"2017-01-09 00:00:00";33750
"2017-01-10 00:00:00";16336
"2017-01-11 00:00:00";31463
"2017-01-12 00:00:00";29550
"2017-01-13 00:00:00";21102
"2017-01-14 00:00:00";19253
"2017-01-15 00:00:00";13143
"2017-01-16 00:00:00";32994
"2017-01-17 00:00:00";29999
"2017-01-18 00:00:00";11019
"2017-01-19 00:00:00";19152
"2017-01-20 00:00:00";10349
"2017-01-21 00:00:00";25675
"2017-01-22 00:00:00";44491
"2017-01-23 00:00:00";8311
"2017-01-24 00:00:00";12956
"2017-01-25 00:00:00";6512
"2017-01-26 00:00:00";10005
"2017-01-27 00:00:00";7342
"2017-01-28 00:00:00";9813
"2017-01-29 00:00:00";12853
"2017-01-30 00:00:00";8584
"2017-01-31 00:00:00";11377
"2017-02-01 00:00:00";39710
"2017-02-02 00:00:00";9308
"2017-02-03 00:00:00";13009
"2017-02-04 00:00:00";15414
"2017-02-05 00:00:00";23456
"2017-02-06 00:00:00";7029
"2017-02-07 00:00:00";6584
"2017-02-08 00:00:00";3925
"2017-02-09 00:00:00";10385
"2017-02-10 00:00:00";8294
"2017-02-11 00:00:00";9755
"2017-02-12 00:00:00";8498
"2017-02-13 00:00:00";6466
"2017-02-14 00:00:00";15141
"2017-02-15 00:00:00";4825
"2017-02-16 00:00:00";8229
"2017-02-17 00:00:00";21369
"2017-02-18 00:00:00";9299
"2017-02-19 00:00:00";13494
"2017-02-20 00:00:00";5601
"2017-02-21 00:00:00";9527
"2017-02-22 00:00:00";10596
"2017-02-23 00:00:00";6899
"2017-02-24 00:00:00";6649
"2017-02-25 00:00:00";11035
"2017-02-26 00:00:00";6424
"2017-02-27 00:00:00";21482
"2017-02-28 00:00:00";6667
"2017-03-01 00:00:00";5124
"2017-03-02 00:00:00";8638
"2017-03-03 00:00:00";7697
"2017-03-04 00:00:00";6833
"2017-03-05 00:00:00";7043
"2017-03-06 00:00:00";7504
"2017-03-07 00:00:00";7753
"2017-03-08 00:00:00";10028
"2017-03-09 00:00:00";5681
"2017-03-10 00:00:00";8440
"2017-03-11 00:00:00";5597
"2017-03-12 00:00:00";12310
"2017-03-13 00:00:00";6374
"2017-03-14 00:00:00";12933
"2017-03-15 00:00:00";6501
"2017-03-16 00:00:00";17051
"2017-03-17 00:00:00";13349
"2017-03-18 00:00:00";13538
"2017-03-19 00:00:00";7342
"2017-03-20 00:00:00";15997
"2017-03-21 00:00:00";8826
"2017-03-22 00:00:00";8242
"2017-03-23 00:00:00";18045
"2017-03-24 00:00:00";7798
"2017-03-25 00:00:00";9441
"2017-03-26 00:00:00";15946
"2017-03-27 00:00:00";10026
"2017-03-28 00:00:00";21609
"2017-03-29 00:00:00";14336
"2017-03-30 00:00:00";15434
"2017-03-31 00:00:00";10098
"2017-04-01 00:00:00";60254
"2017-04-02 00:00:00";49891
"2017-04-03 00:00:00";63718
"2017-04-04 00:00:00";26466
"2017-04-05 00:00:00";64255
"2017-04-06 00:00:00";56163
"2017-04-07 00:00:00";90405
"2017-04-08 00:00:00";46965
"2017-04-09 00:00:00";25177
"2017-04-10 00:00:00";89072
"2017-04-11 00:00:00";100074
"2017-04-12 00:00:00";124241
"2017-04-13 00:00:00";52065
"2017-04-14 00:00:00";78363
"2017-04-15 00:00:00";94759
"2017-04-16 00:00:00";60497
"2017-04-17 00:00:00";104689
"2017-04-18 00:00:00";94974
"2017-04-19 00:00:00";146629
"2017-04-20 00:00:00";77933
"2017-04-21 00:00:00";78997
"2017-04-22 00:00:00";94497
"2017-04-23 00:00:00";36888
"2017-04-24 00:00:00";83680
"2017-04-25 00:00:00";28711
"2017-04-26 00:00:00";69275
"2017-04-27 00:00:00";54357
"2017-04-28 00:00:00";39716
"2017-04-29 00:00:00";78388
"2017-04-30 00:00:00";40399
"2017-05-01 00:00:00";102411
"2017-05-02 00:00:00";84621
"2017-05-03 00:00:00";49359
"2017-05-04 00:00:00";88796
"2017-05-05 00:00:00";50292
"2017-05-06 00:00:00";59227
"2017-05-07 00:00:00";51778
"2017-05-08 00:00:00";90598
"2017-05-09 00:00:00";93317
"2017-05-10 00:00:00";99145
"2017-05-11 00:00:00";56646
"2017-05-12 00:00:00";81065
"2017-05-13 00:00:00";69831
"2017-05-14 00:00:00";49797
"2017-05-15 00:00:00";104854
"2017-05-16 00:00:00";77013
"2017-05-17 00:00:00";115282
"2017-05-18 00:00:00";63014
"2017-05-19 00:00:00";96055
"2017-05-20 00:00:00";61210
"2017-05-21 00:00:00";50421
"2017-05-22 00:00:00";103750
"2017-05-23 00:00:00";56754
"2017-05-24 00:00:00";54203
"2017-05-25 00:00:00";51677
"2017-05-26 00:00:00";91985
"2017-05-27 00:00:00";41110
"2017-05-28 00:00:00";78073
"2017-05-29 00:00:00";63366
"2017-05-30 00:00:00";122577
"2017-05-31 00:00:00";65522
"2017-06-01 00:00:00";44688
"2017-06-02 00:00:00";54254
"2017-06-03 00:00:00";50431
"2017-06-04 00:00:00";64084
"2017-06-05 00:00:00";76057
"2017-06-06 00:00:00";75893
"2017-06-07 00:00:00";51303
"2017-06-08 00:00:00";54571
"2017-06-09 00:00:00";38037
"2017-06-10 00:00:00";32780
"2017-06-11 00:00:00";40157
"2017-06-12 00:00:00";37834
"2017-06-13 00:00:00";62436
"2017-06-14 00:00:00";32666
"2017-06-15 00:00:00";36629
"2017-06-16 00:00:00";55506
"2017-06-17 00:00:00";36119
"2017-06-18 00:00:00";40941
"2017-06-19 00:00:00";32332
"2017-06-20 00:00:00";40878
"2017-06-21 00:00:00";25181
"2017-06-22 00:00:00";38844
"2017-06-23 00:00:00";40340
"2017-06-24 00:00:00";36053
"2017-06-25 00:00:00";53870
"2017-06-26 00:00:00";39101
"2017-06-27 00:00:00";39315
"2017-06-28 00:00:00";39920
"2017-06-29 00:00:00";30412
"2017-06-30 00:00:00";62748
"2017-07-01 00:00:00";37082
"2017-07-02 00:00:00";43604
"2017-07-03 00:00:00";39764
"2017-07-04 00:00:00";43568
"2017-07-05 00:00:00";48257
"2017-07-06 00:00:00";47962
"2017-07-07 00:00:00";41488
"2017-07-08 00:00:00";56764
"2017-07-09 00:00:00";59265
"2017-07-10 00:00:00";47976
"2017-07-11 00:00:00";66795
"2017-07-12 00:00:00";68119
"2017-07-13 00:00:00";54262
"2017-07-14 00:00:00";54927
"2017-07-15 00:00:00";42421
"2017-07-16 00:00:00";46095
"2017-07-17 00:00:00";43288
"2017-07-18 00:00:00";42019
"2017-07-19 00:00:00";52112
"2017-07-20 00:00:00";71728
"2017-07-21 00:00:00";37357
"2017-07-22 00:00:00";52808
"2017-07-23 00:00:00";50895
"2017-07-24 00:00:00";70975
"2017-07-25 00:00:00";50782
"2017-07-26 00:00:00";48586
"2017-07-27 00:00:00";52017
"2017-07-28 00:00:00";47813
"2017-07-29 00:00:00";42730
"2017-07-30 00:00:00";40993
"2017-07-31 00:00:00";42903
"2017-08-01 00:00:00";38476
"2017-08-02 00:00:00";30208
"2017-08-03 00:00:00";35232
"2017-08-04 00:00:00";34646
"2017-08-05 00:00:00";29270
"2017-08-06 00:00:00";36475
"2017-08-07 00:00:00";30754
"2017-08-08 00:00:00";36640
"2017-08-09 00:00:00";36041
"2017-08-10 00:00:00";35121
"2017-08-11 00:00:00";34658
"2017-08-12 00:00:00";39745
"2017-08-13 00:00:00";35420
"2017-08-14 00:00:00";26837
"2017-08-15 00:00:00";28909
"2017-08-16 00:00:00";31303
"2017-08-17 00:00:00";35966
"2017-08-18 00:00:00";29756
"2017-08-19 00:00:00";62151
"2017-08-20 00:00:00";35475
"2017-08-21 00:00:00";24577
"2017-08-22 00:00:00";35083
"2017-08-23 00:00:00";26493
"2017-08-24 00:00:00";33450
"2017-08-25 00:00:00";28185
"2017-08-26 00:00:00";28496
"2017-08-27 00:00:00";36834
"2017-08-28 00:00:00";33180
"2017-08-29 00:00:00";29651
"2017-08-30 00:00:00";42719
"2017-08-31 00:00:00";23260
"2017-09-01 00:00:00";31133
"2017-09-02 00:00:00";37942
"2017-09-03 00:00:00";48385
"2017-09-04 00:00:00";41771
"2017-09-05 00:00:00";48275
"2017-09-06 00:00:00";32657
"2017-09-07 00:00:00";32692
"2017-09-08 00:00:00";25554
"2017-09-09 00:00:00";26381
"2017-09-10 00:00:00";26005
"2017-09-11 00:00:00";32913
"2017-09-12 00:00:00";23841
"2017-09-13 00:00:00";25512
"2017-09-14 00:00:00";26575
"2017-09-15 00:00:00";32781
"2017-09-16 00:00:00";28217
"2017-09-17 00:00:00";35382
"2017-09-18 00:00:00";31741
"2017-09-19 00:00:00";30524
"2017-09-20 00:00:00";31872
"2017-09-21 00:00:00";28204
"2017-09-22 00:00:00";30105
"2017-09-23 00:00:00";29406
"2017-09-24 00:00:00";39672
"2017-09-25 00:00:00";33403
"2017-09-26 00:00:00";30066
"2017-09-27 00:00:00";34789
"2017-09-28 00:00:00";22096
"2017-09-29 00:00:00";25847
"2017-09-30 00:00:00";18710
"2017-10-01 00:00:00";35687
"2017-10-02 00:00:00";22696
"2017-10-03 00:00:00";24357
"2017-10-04 00:00:00";30850
"2017-10-05 00:00:00";20690
"2017-10-06 00:00:00";20758
"2017-10-07 00:00:00";32584
"2017-10-08 00:00:00";16586
"2017-10-09 00:00:00";23176
"2017-10-10 00:00:00";19742
"2017-10-11 00:00:00";23080
"2017-10-12 00:00:00";19258
"2017-10-13 00:00:00";22007
"2017-10-14 00:00:00";25716
"2017-10-15 00:00:00";28510
"2017-10-16 00:00:00";25612
"2017-10-17 00:00:00";24232
"2017-10-18 00:00:00";27715
"2017-10-19 00:00:00";24273
"2017-10-20 00:00:00";30624
"2017-10-21 00:00:00";23073
"2017-10-22 00:00:00";30559
"2017-10-23 00:00:00";33723
"2017-10-24 00:00:00";30948
"2017-10-25 00:00:00";28013
"2017-10-26 00:00:00";27757
"2017-10-27 00:00:00";29632
"2017-10-28 00:00:00";21555
"2017-10-29 00:00:00";36449
"2017-10-30 00:00:00";35352
"2017-10-31 00:00:00";25422
"2017-11-01 00:00:00";32376
"2017-11-02 00:00:00";30215
"2017-11-03 00:00:00";32088
"2017-11-04 00:00:00";27206
"2017-11-05 00:00:00";27256
"2017-11-06 00:00:00";28768
"2017-11-07 00:00:00";29969
"2017-11-08 00:00:00";33133
"2017-11-09 00:00:00";30078
"2017-11-10 00:00:00";25383
"2017-11-11 00:00:00";40972
"2017-11-12 00:00:00";47263
"2017-11-13 00:00:00";35676
"2017-11-14 00:00:00";26907
"2017-11-15 00:00:00";30610
"2017-11-16 00:00:00";47005
"2017-11-17 00:00:00";26765
"2017-11-18 00:00:00";29294
"2017-11-19 00:00:00";36587
"2017-11-20 00:00:00";36467
"2017-11-21 00:00:00";32277
"2017-11-22 00:00:00";33969
"2017-11-23 00:00:00";33930
"2017-11-24 00:00:00";29659
"2017-11-25 00:00:00";25722
"2017-11-26 00:00:00";43158
"2017-11-27 00:00:00";31282
"2017-11-28 00:00:00";29392
"2017-11-29 00:00:00";32932
"2017-11-30 00:00:00";28155
"2017-12-01 00:00:00";34758
"2017-12-02 00:00:00";27796
"2017-12-03 00:00:00";29784
"2017-12-04 00:00:00";30614
"2017-12-05 00:00:00";30628
"2017-12-06 00:00:00";25047
"2017-12-07 00:00:00";27355
"2017-12-08 00:00:00";67513
"2017-12-09 00:00:00";27999
"2017-12-10 00:00:00";42443
"2017-12-11 00:00:00";42021
"2017-12-12 00:00:00";93433
"2017-12-13 00:00:00";88191
"2017-12-14 00:00:00";29846
"2017-12-15 00:00:00";30896
"2017-12-16 00:00:00";42243
"2017-12-17 00:00:00";34497
"2017-12-18 00:00:00";25357
"2017-12-19 00:00:00";32626
"2017-12-20 00:00:00";33235
"2017-12-21 00:00:00";29360
"2017-12-22 00:00:00";31306
"2017-12-23 00:00:00";30743
"2017-12-24 00:00:00";21998
"2017-12-25 00:00:00";24350
"2017-12-26 00:00:00";34598
"2017-12-27 00:00:00";41370
"2017-12-28 00:00:00";44267
"2017-12-29 00:00:00";45494
"2017-12-30 00:00:00";36451
"2017-12-31 00:00:00";16492
"2018-01-01 00:00:00";45565
"2018-01-02 00:00:00";42433
"2018-01-03 00:00:00";55331
"2018-01-04 00:00:00";52927
"2018-01-05 00:00:00";48194
"2018-01-06 00:00:00";47229
"2018-01-07 00:00:00";51587
"2018-01-08 00:00:00";44465
"2018-01-09 00:00:00";38764
"2018-01-10 00:00:00";44487
"2018-01-11 00:00:00";45758
"2018-01-12 00:00:00";41915
"2018-01-13 00:00:00";33461
"2018-01-14 00:00:00";44453
"2018-01-15 00:00:00";52594
"2018-01-16 00:00:00";56080
"2018-01-17 00:00:00";36484
"2018-01-18 00:00:00";40112
"2018-01-19 00:00:00";41243
"2018-01-20 00:00:00";23631
"2018-01-21 00:00:00";39119
"2018-01-22 00:00:00";44874
"2018-01-23 00:00:00";59852
"2018-01-24 00:00:00";32509
"2018-01-25 00:00:00";29040
"2018-01-26 00:00:00";22174
"2018-01-27 00:00:00";19733
"2018-01-28 00:00:00";25986
"2018-01-29 00:00:00";39541
"2018-01-30 00:00:00";31198
"2018-01-31 00:00:00";29589
"2018-02-01 00:00:00";27913
"2018-02-02 00:00:00";42406
"2018-02-03 00:00:00";29844
"2018-02-04 00:00:00";31545
"2018-02-05 00:00:00";33084
"2018-02-06 00:00:00";32445
"2018-02-07 00:00:00";43115
"2018-02-08 00:00:00";37020
"2018-02-09 00:00:00";41349
"2018-02-10 00:00:00";30905
"2018-02-11 00:00:00";44395
"2018-02-12 00:00:00";57006
"2018-02-13 00:00:00";78481
"2018-02-14 00:00:00";82575
"2018-02-15 00:00:00";70228
"2018-02-16 00:00:00";79013
"2018-02-17 00:00:00";68693
"2018-02-18 00:00:00";59443
"2018-02-19 00:00:00";57120
"2018-02-20 00:00:00";76303
"2018-02-21 00:00:00";60490
"2018-02-22 00:00:00";61461
"2018-02-23 00:00:00";64550
"2018-02-24 00:00:00";31428
"2018-02-25 00:00:00";41045
"2018-02-26 00:00:00";47317
"2018-02-27 00:00:00";58613
"2018-02-28 00:00:00";39117
"2018-03-01 00:00:00";31966
"2018-03-02 00:00:00";32398
"2018-03-03 00:00:00";23005
"2018-03-04 00:00:00";30995
"2018-03-05 00:00:00";31712
"2018-03-06 00:00:00";33418
"2018-03-07 00:00:00";30404
"2018-03-08 00:00:00";28329
"2018-03-09 00:00:00";47716
"2018-03-10 00:00:00";50916
"2018-03-11 00:00:00";45442
"2018-03-12 00:00:00";39745
"2018-03-13 00:00:00";33724
"2018-03-14 00:00:00";41352
"2018-03-15 00:00:00";26311
"2018-03-16 00:00:00";29788
"2018-03-17 00:00:00";30082
"2018-03-18 00:00:00";48228
"2018-03-19 00:00:00";42914
"2018-03-20 00:00:00";26464
"2018-03-21 00:00:00";38678
"2018-03-22 00:00:00";36550
"2018-03-23 00:00:00";23463
"2018-03-24 00:00:00";20416
"2018-03-25 00:00:00";35344
"2018-03-26 00:00:00";33882
"2018-03-27 00:00:00";22977
"2018-03-28 00:00:00";24083
"2018-03-29 00:00:00";26381
"2018-03-30 00:00:00";28735
"2018-03-31 00:00:00";31331
"2018-04-01 00:00:00";27600
"2018-04-02 00:00:00";38237
"2018-04-03 00:00:00";33503
"2018-04-04 00:00:00";45560
"2018-04-05 00:00:00";28795
"2018-04-06 00:00:00";26320
"2018-04-07 00:00:00";27894
"2018-04-08 00:00:00";23937
"2018-04-09 00:00:00";27482
"2018-04-10 00:00:00";29209
"2018-04-11 00:00:00";40841
"2018-04-12 00:00:00";25066
"2018-04-13 00:00:00";28958
"2018-04-14 00:00:00";27558
"2018-04-15 00:00:00";36921
"2018-04-16 00:00:00";45615
"2018-04-17 00:00:00";34250
"2018-04-18 00:00:00";35944
"2018-04-19 00:00:00";30337
"2018-04-20 00:00:00";26490
"2018-04-21 00:00:00";34522
"2018-04-22 00:00:00";47687
"2018-04-23 00:00:00";33924
"2018-04-24 00:00:00";37122
"2018-04-25 00:00:00";32147
"2018-04-26 00:00:00";35462
"2018-04-27 00:00:00";32862
"2018-04-28 00:00:00";33722
"2018-04-29 00:00:00";45541
"2018-04-30 00:00:00";35237
"2018-05-01 00:00:00";43740
"2018-05-02 00:00:00";54239
"2018-05-03 00:00:00";32481
"2018-05-04 00:00:00";34958
"2018-05-05 00:00:00";34255
"2018-05-06 00:00:00";44353
"2018-05-07 00:00:00";43391
"2018-05-08 00:00:00";35818
"2018-05-09 00:00:00";40803
"2018-05-10 00:00:00";43908
"2018-05-11 00:00:00";76870
"2018-05-12 00:00:00";38145
"2018-05-13 00:00:00";51490
"2018-05-14 00:00:00";54484
"2018-05-15 00:00:00";52097
"2018-05-16 00:00:00";40361
"2018-05-17 00:00:00";37898
"2018-05-18 00:00:00";37614
"2018-05-19 00:00:00";32382
"2018-05-20 00:00:00";42844
"2018-05-21 00:00:00";44735
"2018-05-22 00:00:00";35788
"2018-05-23 00:00:00";37502
"2018-05-24 00:00:00";44895
"2018-05-25 00:00:00";37933
"2018-05-26 00:00:00";24532
"2018-05-27 00:00:00";41793
"2018-05-28 00:00:00";39640
"2018-05-29 00:00:00";36515
"2018-05-30 00:00:00";35686
"2018-05-31 00:00:00";45206
"2018-06-01 00:00:00";40931
"2018-06-02 00:00:00";66616
"2018-06-03 00:00:00";58141
"2018-06-04 00:00:00";53565
"2018-06-05 00:00:00";63708
"2018-06-06 00:00:00";68403
"2018-06-07 00:00:00";61221
"2018-06-08 00:00:00";46751
"2018-06-09 00:00:00";32468
"2018-06-10 00:00:00";50621
"2018-06-11 00:00:00";44814
"2018-06-12 00:00:00";43034
"2018-06-13 00:00:00";55470
"2018-06-14 00:00:00";41850
"2018-06-15 00:00:00";26692
"2018-06-16 00:00:00";34227
"2018-06-17 00:00:00";35267
"2018-06-18 00:00:00";43728
"2018-06-19 00:00:00";52293
"2018-06-20 00:00:00";41415
"2018-06-21 00:00:00";32616
"2018-06-22 00:00:00";39269
"2018-06-23 00:00:00";31899
"2018-06-24 00:00:00";37547
"2018-06-25 00:00:00";51235
"2018-06-26 00:00:00";43354
"2018-06-27 00:00:00";51743
"2018-06-28 00:00:00";41182
"2018-06-29 00:00:00";37051
"2018-06-30 00:00:00";26769
"2018-07-01 00:00:00";48221
"2018-07-02 00:00:00";63244
"2018-07-03 00:00:00";52634
"2018-07-04 00:00:00";52352
"2018-07-05 00:00:00";53362
"2018-07-06 00:00:00";51104
"2018-07-07 00:00:00";39189
"2018-07-08 00:00:00";67222
"2018-07-09 00:00:00";64034
"2018-07-10 00:00:00";67178
"2018-07-11 00:00:00";56498
"2018-07-12 00:00:00";54971
"2018-07-13 00:00:00";46077
"2018-07-14 00:00:00";36201
"2018-07-15 00:00:00";51044
"2018-07-16 00:00:00";53456
"2018-07-17 00:00:00";53918
"2018-07-18 00:00:00";55861
"2018-07-19 00:00:00";54222
"2018-07-20 00:00:00";47318
"2018-07-21 00:00:00";36624
"2018-07-22 00:00:00";44543
"2018-07-23 00:00:00";53380
"2018-07-24 00:00:00";49810
"2018-07-25 00:00:00";50632
"2018-07-26 00:00:00";47508
"2018-07-27 00:00:00";30480
"2018-07-28 00:00:00";33677
"2018-07-29 00:00:00";49986
"2018-07-30 00:00:00";45295
"2018-07-31 00:00:00";48680
"2018-08-01 00:00:00";55923
"2018-08-02 00:00:00";52507
"2018-08-03 00:00:00";42905
"2018-08-04 00:00:00";48547
"2018-08-05 00:00:00";54576
"2018-08-06 00:00:00";49286
"2018-08-07 00:00:00";51357
"2018-08-08 00:00:00";50500
"2018-08-09 00:00:00";50867
"2018-08-10 00:00:00";43791
"2018-08-11 00:00:00";43208
"2018-08-12 00:00:00";60680
"2018-08-13 00:00:00";44703
"2018-08-14 00:00:00";44526
"2018-08-15 00:00:00";42490
"2018-08-16 00:00:00";44400
"2018-08-17 00:00:00";40115
"2018-08-18 00:00:00";50907
"2018-08-19 00:00:00";49207
"2018-08-20 00:00:00";45074
"2018-08-21 00:00:00";43880
"2018-08-22 00:00:00";42650
"2018-08-23 00:00:00";42970
"2018-08-24 00:00:00";32865
"2018-08-25 00:00:00";37541
"2018-08-26 00:00:00";39704
"2018-08-27 00:00:00";34153
"2018-08-28 00:00:00";38470
"2018-08-29 00:00:00";34543
"2018-08-30 00:00:00";28041
"2018-08-31 00:00:00";32890
"2018-09-01 00:00:00";27100
"2018-09-02 00:00:00";40830
"2018-09-03 00:00:00";32472
"2018-09-04 00:00:00";32329
"2018-09-05 00:00:00";38314
"2018-09-06 00:00:00";33790
"2018-09-07 00:00:00";29176
"2018-09-08 00:00:00";32546
"2018-09-09 00:00:00";52872
"2018-09-10 00:00:00";44535
"2018-09-11 00:00:00";35135
"2018-09-12 00:00:00";42894
"2018-09-13 00:00:00";28302
"2018-09-14 00:00:00";32003
"2018-09-15 00:00:00";30501
"2018-09-16 00:00:00";35843
"2018-09-17 00:00:00";36888
"2018-09-18 00:00:00";43725
"2018-09-19 00:00:00";44851
"2018-09-20 00:00:00";44119
"2018-09-21 00:00:00";40405
"2018-09-22 00:00:00";43943
"2018-09-23 00:00:00";47687
"2018-09-24 00:00:00";56935
"2018-09-25 00:00:00";54214
"2018-09-26 00:00:00";46511
"2018-09-27 00:00:00";40012
"2018-09-28 00:00:00";34814
"2018-09-29 00:00:00";38229
"2018-09-30 00:00:00";46222
"2018-10-01 00:00:00";46231
"2018-10-02 00:00:00";47710
"2018-10-03 00:00:00";53198
"2018-10-04 00:00:00";42408
"2018-10-05 00:00:00";32686
"2018-10-06 00:00:00";33637
"2018-10-07 00:00:00";55457
"2018-10-08 00:00:00";48098
"2018-10-09 00:00:00";45763
"2018-10-10 00:00:00";49841
"2018-10-11 00:00:00";33948
"2018-10-12 00:00:00";29756
"2018-10-13 00:00:00";33943
"2018-10-14 00:00:00";31370
"2018-10-15 00:00:00";43102
"2018-10-16 00:00:00";39103
"2018-10-17 00:00:00";47090
"2018-10-18 00:00:00";37091
"2018-10-19 00:00:00";31143
"2018-10-20 00:00:00";33723
"2018-10-21 00:00:00";48947
"2018-10-22 00:00:00";49236
"2018-10-23 00:00:00";37749
"2018-10-24 00:00:00";52091
"2018-10-25 00:00:00";27023
"2018-10-26 00:00:00";25537
"2018-10-27 00:00:00";27344
"2018-10-28 00:00:00";38316
"2018-10-29 00:00:00";32595
"2018-10-30 00:00:00";30705
"2018-10-31 00:00:00";41750
"2018-11-01 00:00:00";39431
"2018-11-02 00:00:00";29712
"2018-11-03 00:00:00";28762
"2018-11-04 00:00:00";45368
"2018-11-05 00:00:00";39425
"2018-11-06 00:00:00";34091
"2018-11-07 00:00:00";41522
"2018-11-08 00:00:00";34688
"2018-11-09 00:00:00";26359
"2018-11-10 00:00:00";35459
"2018-11-11 00:00:00";31059
"2018-11-12 00:00:00";35836
"2018-11-13 00:00:00";38293
"2018-11-14 00:00:00";38140
"2018-11-15 00:00:00";25733
"2018-11-16 00:00:00";23731
"2018-11-17 00:00:00";44204
"2018-11-18 00:00:00";39846
"2018-11-19 00:00:00";32617
"2018-11-20 00:00:00";34372
"2018-11-21 00:00:00";36335
"2018-11-22 00:00:00";26432
"2018-11-23 00:00:00";34774
"2018-11-24 00:00:00";31488
"2018-11-25 00:00:00";64088
"2018-11-26 00:00:00";46938
"2018-11-27 00:00:00";44912
"2018-11-28 00:00:00";39381
"2018-11-29 00:00:00";39065
"2018-11-30 00:00:00";29735
"2018-12-01 00:00:00";42135
"2018-12-02 00:00:00";59845
"2018-12-03 00:00:00";42833
"2018-12-04 00:00:00";44411
"2018-12-05 00:00:00";37538
"2018-12-06 00:00:00";42681
"2018-12-07 00:00:00";25763
"2018-12-08 00:00:00";27070
"2018-12-09 00:00:00";36297
"2018-12-10 00:00:00";35792
"2018-12-11 00:00:00";30365
"2018-12-12 00:00:00";25038
"2018-12-13 00:00:00";29434
"2018-12-14 00:00:00";27854
"2018-12-15 00:00:00";33984
"2018-12-16 00:00:00";44809
"2018-12-17 00:00:00";36745
"2018-12-18 00:00:00";36980
"2018-12-19 00:00:00";45201
"2018-12-20 00:00:00";34966
"2018-12-21 00:00:00";29362
"2018-12-22 00:00:00";32930
"2018-12-23 00:00:00";34298
"2018-12-24 00:00:00";21097
"2018-12-25 00:00:00";22380
"2018-12-26 00:00:00";31625
"2018-12-27 00:00:00";40399
"2018-12-28 00:00:00";35098
"2018-12-29 00:00:00";33570
"2018-12-30 00:00:00";41350
"2018-12-31 00:00:00";29131
"2019-01-01 00:00:00";29485
"2019-01-02 00:00:00";42792
"2019-01-03 00:00:00";37984
"2019-01-04 00:00:00";41676
"2019-01-05 00:00:00";48188
"2019-01-06 00:00:00";53882
"2019-01-07 00:00:00";53664
"2019-01-08 00:00:00";45955
"2019-01-09 00:00:00";48688
"2019-01-10 00:00:00";38850
"2019-01-11 00:00:00";34772
"2019-01-12 00:00:00";45704
"2019-01-13 00:00:00";54699
"2019-01-14 00:00:00";61765
"2019-01-15 00:00:00";53492
"2019-01-16 00:00:00";44962
"2019-01-17 00:00:00";42996
"2019-01-18 00:00:00";38075
"2019-01-19 00:00:00";52597
"2019-01-20 00:00:00";47122
"2019-01-21 00:00:00";53745
"2019-01-22 00:00:00";51580
"2019-01-23 00:00:00";70951
"2019-01-24 00:00:00";54995
"2019-01-25 00:00:00";37748
"2019-01-26 00:00:00";44621
"2019-01-27 00:00:00";56108
"2019-01-28 00:00:00";55346
"2019-01-29 00:00:00";45295
"2019-01-30 00:00:00";63833
"2019-01-31 00:00:00";50428
"2019-02-01 00:00:00";48543
"2019-02-02 00:00:00";45387
"2019-02-03 00:00:00";70678
"2019-02-04 00:00:00";48890
"2019-02-05 00:00:00";39786
"2019-02-06 00:00:00";61798
"2019-02-07 00:00:00";27075
"2019-02-08 00:00:00";42092
"2019-02-09 00:00:00";35586
"2019-02-10 00:00:00";47757
"2019-02-11 00:00:00";45309
"2019-02-12 00:00:00";46614
"2019-02-13 00:00:00";47966
"2019-02-14 00:00:00";46136
"2019-02-15 00:00:00";33224
"2019-02-16 00:00:00";32118
"2019-02-17 00:00:00";50027
"2019-02-18 00:00:00";47165
"2019-02-19 00:00:00";49160
"2019-02-20 00:00:00";52097
"2019-02-21 00:00:00";53828
"2019-02-22 00:00:00";55982
"2019-02-23 00:00:00";68787
"2019-02-24 00:00:00";75579
"2019-02-25 00:00:00";55404
"2019-02-26 00:00:00";76912
"2019-02-27 00:00:00";72957
"2019-02-28 00:00:00";43080
"2019-03-01 00:00:00";47609
"2019-03-02 00:00:00";47798
"2019-03-03 00:00:00";61050
"2019-03-04 00:00:00";61371
"2019-03-05 00:00:00";53864
"2019-03-06 00:00:00";50446
"2019-03-07 00:00:00";50938
"2019-03-08 00:00:00";51047
"2019-03-09 00:00:00";57215
"2019-03-10 00:00:00";129917
"2019-03-11 00:00:00";136209
"2019-03-12 00:00:00";160927
"2019-03-13 00:00:00";262644
"2019-03-14 00:00:00";198178
"2019-03-15 00:00:00";220503
"2019-03-16 00:00:00";201976
"2019-03-17 00:00:00";304053
"2019-03-18 00:00:00";267364
"2019-03-19 00:00:00";296848
"2019-03-20 00:00:00";242496
"2019-03-21 00:00:00";226392
"2019-03-22 00:00:00";193619
"2019-03-23 00:00:00";184342
"2019-03-24 00:00:00";171359
"2019-03-25 00:00:00";184311
"2019-03-26 00:00:00";199857
"2019-03-27 00:00:00";221786
"2019-03-28 00:00:00";211659
"2019-03-29 00:00:00";249827
"2019-03-30 00:00:00";231111
"2019-03-31 00:00:00";206277
"2019-04-01 00:00:00";222080
"2019-04-02 00:00:00";242761
"2019-04-03 00:00:00";243928
"2019-04-04 00:00:00";238651
"2019-04-05 00:00:00";238519
"2019-04-06 00:00:00";216398
"2019-04-07 00:00:00";181633
"2019-04-08 00:00:00";256096
"2019-04-09 00:00:00";223432
"2019-04-10 00:00:00";244148
"2019-04-11 00:00:00";176897
"2019-04-12 00:00:00";177836
"2019-04-13 00:00:00";189078
"2019-04-14 00:00:00";197727
"2019-04-15 00:00:00";178453
"2019-04-16 00:00:00";160511
"2019-04-17 00:00:00";221439
"2019-04-18 00:00:00";209012
"2019-04-19 00:00:00";200124
"2019-04-20 00:00:00";168192
"2019-04-21 00:00:00";181366
"2019-04-22 00:00:00";169519
"2019-04-23 00:00:00";194941
"2019-04-24 00:00:00";201813
"2019-04-25 00:00:00";163660
"2019-04-26 00:00:00";177997
"2019-04-27 00:00:00";154807
"2019-04-28 00:00:00";164800
"2019-04-29 00:00:00";158173
"2019-04-30 00:00:00";164618
"2019-05-01 00:00:00";175906
"2019-05-02 00:00:00";145241
"2019-05-03 00:00:00";140653
"2019-05-04 00:00:00";141150
"2019-05-05 00:00:00";170784
"2019-05-06 00:00:00";180615
"2019-05-07 00:00:00";152762
"2019-05-08 00:00:00";152754
"2019-05-09 00:00:00";160260
"2019-05-10 00:00:00";151976
"2019-05-11 00:00:00";156886
"2019-05-12 00:00:00";147823
"2019-05-13 00:00:00";145392
"2019-05-14 00:00:00";167417
"2019-05-15 00:00:00";141039
"2019-05-16 00:00:00";158461
"2019-05-17 00:00:00";145324
"2019-05-18 00:00:00";131144
"2019-05-19 00:00:00";135323
"2019-05-20 00:00:00";176647
"2019-05-21 00:00:00";172898
"2019-05-22 00:00:00";138601
"2019-05-23 00:00:00";145496
"2019-05-24 00:00:00";151831
"2019-05-25 00:00:00";149923
"2019-05-26 00:00:00";169972
"2019-05-27 00:00:00";160319
"2019-05-28 00:00:00";184274
"2019-05-29 00:00:00";161906
"2019-05-30 00:00:00";163997
"2019-05-31 00:00:00";130455
"2019-06-01 00:00:00";129835
"2019-06-02 00:00:00";169416
"2019-06-03 00:00:00";147106
"2019-06-04 00:00:00";153247
"2019-06-05 00:00:00";141671
"2019-06-06 00:00:00";140283
"2019-06-07 00:00:00";128348
"2019-06-08 00:00:00";144975
"2019-06-09 00:00:00";139629
"2019-06-10 00:00:00";136903
"2019-06-11 00:00:00";153250
"2019-06-12 00:00:00";144585
"2019-06-13 00:00:00";156787
"2019-06-14 00:00:00";146027
"2019-06-15 00:00:00";138753
"2019-06-16 00:00:00";138720
"2019-06-17 00:00:00";156117
"2019-06-18 00:00:00";155860
"2019-06-19 00:00:00";146891
"2019-06-20 00:00:00";150058
"2019-06-21 00:00:00";138620
"2019-06-22 00:00:00";142738
"2019-06-23 00:00:00";162002
"2019-06-24 00:00:00";174413
"2019-06-25 00:00:00";170699
"2019-06-26 00:00:00";176008
"2019-06-27 00:00:00";144283
"2019-06-28 00:00:00";112856
"2019-06-29 00:00:00";156076
"2019-06-30 00:00:00";172171
"2019-07-01 00:00:00";160268
"2019-07-02 00:00:00";142162
"2019-07-03 00:00:00";149213
"2019-07-04 00:00:00";156322
"2019-07-05 00:00:00";154340
"2019-07-06 00:00:00";156531
"2019-07-07 00:00:00";150946
"2019-07-08 00:00:00";182591
"2019-07-09 00:00:00";171429
"2019-07-10 00:00:00";176948
"2019-07-11 00:00:00";178618
"2019-07-12 00:00:00";159434
"2019-07-13 00:00:00";139124
"2019-07-14 00:00:00";161723
"2019-07-15 00:00:00";192360
"2019-07-16 00:00:00";196926
"2019-07-17 00:00:00";192051
"2019-07-18 00:00:00";201786
"2019-07-19 00:00:00";126704
"2019-07-20 00:00:00";143713
"2019-07-21 00:00:00";167871
"2019-07-22 00:00:00";217246
"2019-07-23 00:00:00";208508
"2019-07-24 00:00:00";206721
"2019-07-25 00:00:00";209700
"2019-07-26 00:00:00";140216
"2019-07-27 00:00:00";150504
"2019-07-28 00:00:00";146154
"2019-07-29 00:00:00";168315
"2019-07-30 00:00:00";147447
"2019-07-31 00:00:00";196313
"2019-08-01 00:00:00";203078
"2019-08-02 00:00:00";165774
"2019-08-03 00:00:00";165145
"2019-08-04 00:00:00";175255
"2019-08-05 00:00:00";201223
"2019-08-06 00:00:00";186727
"2019-08-07 00:00:00";187201
"2019-08-08 00:00:00";169004
"2019-08-09 00:00:00";164410
"2019-08-10 00:00:00";143088
"2019-08-11 00:00:00";204916
"2019-08-12 00:00:00";154734
"2019-08-13 00:00:00";169138
"2019-08-14 00:00:00";175164
"2019-08-15 00:00:00";158220
"2019-08-16 00:00:00";173423
"2019-08-17 00:00:00";163080
"2019-08-18 00:00:00";194948
"2019-08-19 00:00:00";171375
"2019-08-20 00:00:00";162029
"2019-08-21 00:00:00";149140
"2019-08-22 00:00:00";161414
"2019-08-23 00:00:00";162697
"2019-08-24 00:00:00";146167
"2019-08-25 00:00:00";161451
"2019-08-26 00:00:00";170081
"2019-08-27 00:00:00";162571
"2019-08-28 00:00:00";160563
"2019-08-29 00:00:00";144041
"2019-08-30 00:00:00";131410
"2019-08-31 00:00:00";152102
"2019-09-01 00:00:00";151978
"2019-09-02 00:00:00";151393
"2019-09-03 00:00:00";132377
"2019-09-04 00:00:00";142886
"2019-09-05 00:00:00";119359
"2019-09-06 00:00:00";119330
"2019-09-07 00:00:00";112343
"2019-09-08 00:00:00";119885
"2019-09-09 00:00:00";122207
"2019-09-10 00:00:00";162573
"2019-09-11 00:00:00";124844
"2019-09-12 00:00:00";117336
"2019-09-13 00:00:00";101211
"2019-09-14 00:00:00";98961
"2019-09-15 00:00:00";119784
"2019-09-16 00:00:00";115173
"2019-09-17 00:00:00";91280
"2019-09-18 00:00:00";107435
"2019-09-19 00:00:00";84400
"2019-09-20 00:00:00";90431
"2019-09-21 00:00:00";97351
"2019-09-22 00:00:00";97004
"2019-09-23 00:00:00";122959
"2019-09-24 00:00:00";101381
"2019-09-25 00:00:00";90441
"2019-09-26 00:00:00";77376
"2019-09-27 00:00:00";67317
"2019-09-28 00:00:00";78394
"2019-09-29 00:00:00";91179
"2019-09-30 00:00:00";92571
"2019-10-01 00:00:00";75807
"2019-10-02 00:00:00";97892
"2019-10-03 00:00:00";91608
"2019-10-04 00:00:00";96450
"2019-10-05 00:00:00";101220
"2019-10-06 00:00:00";112272
"2019-10-07 00:00:00";100749
"2019-10-08 00:00:00";115751
"2019-10-09 00:00:00";97009
"2019-10-10 00:00:00";106845
"2019-10-11 00:00:00";107381
"2019-10-12 00:00:00";114120
"2019-10-13 00:00:00";104837
"2019-10-14 00:00:00";115046
"2019-10-15 00:00:00";104152
"2019-10-16 00:00:00";136460
"2019-10-17 00:00:00";107820
"2019-10-18 00:00:00";106339
"2019-10-19 00:00:00";101614
"2019-10-20 00:00:00";116401
"2019-10-21 00:00:00";108669
"2019-10-22 00:00:00";91870
"2019-10-23 00:00:00";98486
"2019-10-24 00:00:00";110586
"2019-10-25 00:00:00";85900
"2019-10-26 00:00:00";90437
"2019-10-27 00:00:00";133827
"2019-10-28 00:00:00";115269
"2019-10-29 00:00:00";94081
"2019-10-30 00:00:00";84522
"2019-10-31 00:00:00";74722
"2019-11-01 00:00:00";78896
"2019-11-02 00:00:00";91507
"2019-11-03 00:00:00";108805
"2019-11-04 00:00:00";109697
"2019-11-05 00:00:00";72877
"2019-11-06 00:00:00";83555
"2019-11-07 00:00:00";108745
"2019-11-08 00:00:00";87287
"2019-11-09 00:00:00";90538
"2019-11-10 00:00:00";97300
"2019-11-11 00:00:00";213843
"2019-11-12 00:00:00";96406
"2019-11-13 00:00:00";96901
"2019-11-14 00:00:00";95765
"2019-11-15 00:00:00";75336
"2019-11-16 00:00:00";97041
"2019-11-17 00:00:00";98622
"2019-11-18 00:00:00";99750
"2019-11-19 00:00:00";101223
"2019-11-20 00:00:00";109304
"2019-11-21 00:00:00";98762
"2019-11-22 00:00:00";117710
"2019-11-23 00:00:00";98514
"2019-11-24 00:00:00";109925
"2019-11-25 00:00:00";95052
"2019-11-26 00:00:00";105698
"2019-11-27 00:00:00";118845
"2019-11-28 00:00:00";76927
"2019-11-29 00:00:00";92453
"2019-11-30 00:00:00";93936
"2019-12-01 00:00:00";98996
"2019-12-02 00:00:00";106867
"2019-12-03 00:00:00";83593
"2019-12-04 00:00:00";82117
"2019-12-05 00:00:00";77625
"2019-12-06 00:00:00";84163
"2019-12-07 00:00:00";100414
"2019-12-08 00:00:00";115703
"2019-12-09 00:00:00";125949
"2019-12-10 00:00:00";113787
"2019-12-11 00:00:00";115596
"2019-12-12 00:00:00";83078
"2019-12-13 00:00:00";96340
"2019-12-14 00:00:00";87669
"2019-12-15 00:00:00";143326
"2019-12-16 00:00:00";106030
"2019-12-17 00:00:00";94302
"2019-12-18 00:00:00";94990
"2019-12-19 00:00:00";99602
"2019-12-20 00:00:00";88453
"2019-12-21 00:00:00";100103
"2019-12-22 00:00:00";95592
"2019-12-23 00:00:00";99346
"2019-12-24 00:00:00";89278
"2019-12-25 00:00:00";94833
"2019-12-26 00:00:00";126472
"2019-12-27 00:00:00";105887
"2019-12-28 00:00:00";108458
"2019-12-29 00:00:00";119513
"2019-12-30 00:00:00";107940
"2019-12-31 00:00:00";118705
"2020-01-01 00:00:00";91764
"2020-01-02 00:00:00";117243
"2020-01-03 00:00:00";126164
"2020-01-04 00:00:00";149066
"2020-01-05 00:00:00";147400
"2020-01-06 00:00:00";118441
"2020-01-07 00:00:00";139029
"2020-01-08 00:00:00";120137
"2020-01-09 00:00:00";109671
"2020-01-10 00:00:00";119058
"2020-01-11 00:00:00";124136
"2020-01-12 00:00:00";122001
"2020-01-13 00:00:00";126190
"2020-01-14 00:00:00";129004
"2020-01-15 00:00:00";114964
"2020-01-16 00:00:00";98141
"2020-01-17 00:00:00";97445
"2020-01-18 00:00:00";111102
"2020-01-19 00:00:00";150656
"2020-01-20 00:00:00";113736
"2020-01-21 00:00:00";116961
"2020-01-22 00:00:00";118220
"2020-01-23 00:00:00";98185
"2020-01-24 00:00:00";105696
"2020-01-25 00:00:00";108683
"2020-01-26 00:00:00";129844
"2020-01-27 00:00:00";157557
"2020-01-28 00:00:00";113493
"2020-01-29 00:00:00";114806
"2020-01-30 00:00:00";98115
"2020-01-31 00:00:00";124387
"2020-02-01 00:00:00";108491
"2020-02-02 00:00:00";120514
"2020-02-03 00:00:00";127428
"2020-02-04 00:00:00";123653
"2020-02-05 00:00:00";132945
"2020-02-06 00:00:00";106225
"2020-02-07 00:00:00";108348
"2020-02-08 00:00:00";95320
"2020-02-09 00:00:00";123302
"2020-02-10 00:00:00";117763
"2020-02-11 00:00:00";105547
"2020-02-12 00:00:00";129590
"2020-02-13 00:00:00";116422
"2020-02-14 00:00:00";94716
"2020-02-15 00:00:00";109124
"2020-02-16 00:00:00";122859
"2020-02-17 00:00:00";130549
"2020-02-18 00:00:00";116057
"2020-02-19 00:00:00";109953
"2020-02-20 00:00:00";104442
"2020-02-21 00:00:00";108619
"2020-02-22 00:00:00";113830
"2020-02-23 00:00:00";120111
"2020-02-24 00:00:00";119590
"2020-02-25 00:00:00";122409
"2020-02-26 00:00:00";115342
"2020-02-27 00:00:00";109699
"2020-02-28 00:00:00";119653
"2020-02-29 00:00:00";119629
"2020-03-01 00:00:00";149355
"2020-03-02 00:00:00";125869
"2020-03-03 00:00:00";114643
"2020-03-04 00:00:00";137580
"2020-03-05 00:00:00";109224
"2020-03-06 00:00:00";124788
"2020-03-07 00:00:00";135788
"2020-03-08 00:00:00";138629
"2020-03-09 00:00:00";143323
"2020-03-10 00:00:00";124321
"2020-03-11 00:00:00";126336
"2020-03-12 00:00:00";95959
"2020-03-13 00:00:00";119057
"2020-03-14 00:00:00";105863
"2020-03-15 00:00:00";131052
"2020-03-16 00:00:00";117295
"2020-03-17 00:00:00";136764
"2020-03-18 00:00:00";141006
"2020-03-19 00:00:00";148867
"2020-03-20 00:00:00";136079
"2020-03-21 00:00:00";147647
"2020-03-22 00:00:00";156570
"2020-03-23 00:00:00";174360
"2020-03-24 00:00:00";161702
"2020-03-25 00:00:00";157818
"2020-03-26 00:00:00";141873
"2020-03-27 00:00:00";162267
"2020-03-28 00:00:00";162219
"2020-03-29 00:00:00";184708
"2020-03-30 00:00:00";162489
"2020-03-31 00:00:00";184242
"2020-04-01 00:00:00";208640
"2020-04-02 00:00:00";193187
"2020-04-03 00:00:00";145616
"2020-04-04 00:00:00";170901
"2020-04-05 00:00:00";213205
"2020-04-06 00:00:00";218512
"2020-04-07 00:00:00";203259
"2020-04-08 00:00:00";177526
"2020-04-09 00:00:00";219944
"2020-04-10 00:00:00";186126
"2020-04-11 00:00:00";220253
"2020-04-12 00:00:00";189105
"2020-04-13 00:00:00";196895
"2020-04-14 00:00:00";193930
"2020-04-15 00:00:00";190877
"2020-04-16 00:00:00";228953
"2020-04-17 00:00:00";203095
"2020-04-18 00:00:00";223519
"2020-04-19 00:00:00";219401
"2020-04-20 00:00:00";188036
"2020-04-21 00:00:00";201640
"2020-04-22 00:00:00";181588
"2020-04-23 00:00:00";201875
"2020-04-24 00:00:00";231316
"2020-04-25 00:00:00";231157
"2020-04-26 00:00:00";225360
"2020-04-27 00:00:00";238637
"2020-04-28 00:00:00";239008
"2020-04-29 00:00:00";240860
"2020-04-30 00:00:00";238694
"2020-05-01 00:00:00";239947
"2020-05-02 00:00:00";225605
"2020-05-03 00:00:00";240055
"2020-05-04 00:00:00";212090
"2020-05-05 00:00:00";278562
"2020-05-06 00:00:00";219521
"2020-05-07 00:00:00";243989
"2020-05-08 00:00:00";238605
"2020-05-09 00:00:00";219276
"2020-05-10 00:00:00";248271
"2020-05-11 00:00:00";260418
"2020-05-12 00:00:00";237154
"2020-05-13 00:00:00";228533
"2020-05-14 00:00:00";256830
"2020-05-15 00:00:00";256815
"2020-05-16 00:00:00";241420
"2020-05-17 00:00:00";268434
"2020-05-18 00:00:00";290334
"2020-05-19 00:00:00";298287
"2020-05-20 00:00:00";303552
"2020-05-21 00:00:00";285802
"2020-05-22 00:00:00";331055
"2020-05-23 00:00:00";290725
"2020-05-24 00:00:00";302107
"2020-05-25 00:00:00";373709
"2020-05-26 00:00:00";313502
"2020-05-27 00:00:00";324577
"2020-05-28 00:00:00";246787
"2020-05-29 00:00:00";310333
"2020-05-30 00:00:00";251929
"2020-05-31 00:00:00";304336
"2020-06-01 00:00:00";358436
"2020-06-02 00:00:00";308938
"2020-06-03 00:00:00";277628
"2020-06-04 00:00:00";289579
"2020-06-05 00:00:00";389147
"2020-06-06 00:00:00";302625
"2020-06-07 00:00:00";320758
"2020-06-08 00:00:00";352231
"2020-06-09 00:00:00";362149
"2020-06-10 00:00:00";367898
"2020-06-11 00:00:00";243424
"2020-06-12 00:00:00";282246
"2020-06-13 00:00:00";284808
"2020-06-14 00:00:00";275696
"2020-06-15 00:00:00";337262
"2020-06-16 00:00:00";346020
"2020-06-17 00:00:00";356798
"2020-06-18 00:00:00";313077
"2020-06-19 00:00:00";205558
"2020-06-20 00:00:00";272378
"2020-06-21 00:00:00";320705
"2020-06-22 00:00:00";384086
"2020-06-23 00:00:00";258338
"2020-06-24 00:00:00";261486
"2020-06-25 00:00:00";325966
"2020-06-26 00:00:00";252248
"2020-06-27 00:00:00";295410
"2020-06-28 00:00:00";308374
"2020-06-29 00:00:00";255698
"2020-06-30 00:00:00";281727
"2020-07-01 00:00:00";378519
"2020-07-02 00:00:00";287062
"2020-07-03 00:00:00";276128
"2020-07-04 00:00:00";305948
"2020-07-05 00:00:00";313645
"2020-07-06 00:00:00";297375
"2020-07-07 00:00:00";278921
"2020-07-08 00:00:00";269367
"2020-07-09 00:00:00";262373
"2020-07-10 00:00:00";241055
"2020-07-11 00:00:00";201163
"2020-07-12 00:00:00";260565
"2020-07-13 00:00:00";265116
"2020-07-14 00:00:00";261710
"2020-07-15 00:00:00";335662
"2020-07-16 00:00:00";252023
"2020-07-17 00:00:00";227714
"2020-07-18 00:00:00";265708
"2020-07-19 00:00:00";295575
"2020-07-20 00:00:00";257537
"2020-07-21 00:00:00";270795
"2020-07-22 00:00:00";299079
"2020-07-23 00:00:00";273629
"2020-07-24 00:00:00";234967
"2020-07-25 00:00:00";204283
"2020-07-26 00:00:00";328821
"2020-07-27 00:00:00";272950
"2020-07-28 00:00:00";311306
"2020-07-29 00:00:00";275208
"2020-07-30 00:00:00";258179
"2020-07-31 00:00:00";236364
"2020-08-01 00:00:00";286347
"2020-08-02 00:00:00";192203
"2020-08-03 00:00:00";374879
"2020-08-04 00:00:00";292202
"2020-08-05 00:00:00";261609
"2020-08-06 00:00:00";234141
"2020-08-07 00:00:00";281189
"2020-08-08 00:00:00";244444
"2020-08-09 00:00:00";248107
"2020-08-10 00:00:00";322061
"2020-08-11 00:00:00";240305
"2020-08-12 00:00:00";219972
"2020-08-13 00:00:00";286371
"2020-08-14 00:00:00";237167
"2020-08-15 00:00:00";208120
"2020-08-16 00:00:00";245734
"2020-08-17 00:00:00";247709
"2020-08-18 00:00:00";246037
"2020-08-19 00:00:00";208357
"2020-08-20 00:00:00";199534
"2020-08-21 00:00:00";287622
"2020-08-22 00:00:00";232237
"2020-08-23 00:00:00";158903
"2020-08-24 00:00:00";289662
"2020-08-25 00:00:00";308205
"2020-08-26 00:00:00";323698
"2020-08-27 00:00:00";162728
"2020-08-28 00:00:00";371836
"2020-08-29 00:00:00";155703
"2020-08-30 00:00:00";154536
"2020-08-31 00:00:00";174745
"2020-09-01 00:00:00";172383
"2020-09-02 00:00:00";191344
"2020-09-03 00:00:00";223362
"2020-09-04 00:00:00";174654
"2020-09-05 00:00:00";124023
"2020-09-06 00:00:00";157938
"2020-09-07 00:00:00";248826
"2020-09-08 00:00:00";253993
"2020-09-09 00:00:00";176372
"2020-09-10 00:00:00";129689
"2020-09-11 00:00:00";139580
"2020-09-12 00:00:00";130841
"2020-09-13 00:00:00";186296
"2020-09-14 00:00:00";137188
"2020-09-15 00:00:00";135744
"2020-09-16 00:00:00";194903
"2020-09-17 00:00:00";143876
"2020-09-18 00:00:00";172129
"2020-09-19 00:00:00";118335
"2020-09-20 00:00:00";130382
"2020-09-21 00:00:00";147934
"2020-09-22 00:00:00";213257
"2020-09-23 00:00:00";176110
"2020-09-24 00:00:00";318681
"2020-09-25 00:00:00";150547
"2020-09-26 00:00:00";145640
"2020-09-27 00:00:00";227189
"2020-09-28 00:00:00";149116
"2020-09-29 00:00:00";227148
"2020-09-30 00:00:00";185267
"2020-10-01 00:00:00";146796
"2020-10-02 00:00:00";186717
"2020-10-03 00:00:00";128801
"2020-10-04 00:00:00";183597
"2020-10-05 00:00:00";168419
"2020-10-06 00:00:00";133840
"2020-10-07 00:00:00";119791
"2020-10-08 00:00:00";147755
"2020-10-09 00:00:00";133938
"2020-10-10 00:00:00";165285
"2020-10-11 00:00:00";128804
"2020-10-12 00:00:00";160435
"2020-10-13 00:00:00";161259
"2020-10-14 00:00:00";202629
"2020-10-15 00:00:00";149490
"2020-10-16 00:00:00";152700
"2020-10-17 00:00:00";132440
"2020-10-18 00:00:00";120715
"2020-10-19 00:00:00";139473
"2020-10-20 00:00:00";153146
"2020-10-21 00:00:00";188878
"2020-10-22 00:00:00";175944
"2020-10-23 00:00:00";152467
"2020-10-24 00:00:00";133884
"2020-10-25 00:00:00";143361
"2020-10-26 00:00:00";184891
"2020-10-27 00:00:00";153379
"2020-10-28 00:00:00";178918
"2020-10-29 00:00:00";164284
"2020-10-30 00:00:00";129408
"2020-10-31 00:00:00";151636
"2020-11-01 00:00:00";132397
"2020-11-02 00:00:00";163465
"2020-11-03 00:00:00";155672
"2020-11-04 00:00:00";142251
"2020-11-05 00:00:00";157157
"2020-11-06 00:00:00";151078
"2020-11-07 00:00:00";143149
"2020-11-08 00:00:00";132566
"2020-11-09 00:00:00";153986
"2020-11-10 00:00:00";118926
"2020-11-11 00:00:00";139851
"2020-11-12 00:00:00";151475
"2020-11-13 00:00:00";131914
"2020-11-14 00:00:00";142430
"2020-11-15 00:00:00";155003
"2020-11-16 00:00:00";173091
"2020-11-17 00:00:00";169480
"2020-11-18 00:00:00";160851
"2020-11-19 00:00:00";156177
"2020-11-20 00:00:00";163267
"2020-11-21 00:00:00";153583
"2020-11-22 00:00:00";158333
"2020-11-23 00:00:00";181571
"2020-11-24 00:00:00";167425
"2020-11-25 00:00:00";201644
"2020-11-26 00:00:00";162690
"2020-11-27 00:00:00";140060
"2020-11-28 00:00:00";139712
"2020-11-29 00:00:00";169908
"2020-11-30 00:00:00";160597
"2020-12-01 00:00:00";263043
"2020-12-02 00:00:00";253301
"2020-12-03 00:00:00";197013
"2020-12-04 00:00:00";181051
"2020-12-05 00:00:00";186953
"2020-12-06 00:00:00";197830
"2020-12-07 00:00:00";195297
"2020-12-08 00:00:00";199856
"2020-12-09 00:00:00";179339
"2020-12-10 00:00:00";151898
"2020-12-11 00:00:00";146564
"2020-12-12 00:00:00";163811
"2020-12-13 00:00:00";204750
"2020-12-14 00:00:00";196513
"2020-12-15 00:00:00";187314
"2020-12-16 00:00:00";184503
"2020-12-17 00:00:00";175857
"2020-12-18 00:00:00";173506
"2020-12-19 00:00:00";180150
"2020-12-20 00:00:00";207704
"2020-12-21 00:00:00";192417
"2020-12-22 00:00:00";198287
"2020-12-23 00:00:00";212691
"2020-12-24 00:00:00";191557
"2020-12-25 00:00:00";141306
"2020-12-26 00:00:00";216712
"2020-12-27 00:00:00";175603
"2020-12-28 00:00:00";215207
"2020-12-29 00:00:00";201682
"2020-12-30 00:00:00";197046
"2020-12-31 00:00:00";184913
"2021-01-01 00:00:00";195248
"2021-01-02 00:00:00";222219
"2021-01-03 00:00:00";206416
"2021-01-04 00:00:00";181144
"2021-01-05 00:00:00";244301
"2021-01-06 00:00:00";230157
"2021-01-07 00:00:00";192771
"2021-01-08 00:00:00";220192
"2021-01-09 00:00:00";191060
"2021-01-10 00:00:00";189475
"2021-01-11 00:00:00";179413
"2021-01-12 00:00:00";209899
"2021-01-13 00:00:00";188218
"2021-01-14 00:00:00";186228
"2021-01-15 00:00:00";171315
"2021-01-16 00:00:00";235045
"2021-01-17 00:00:00";198270
"2021-01-18 00:00:00";217047
"2021-01-19 00:00:00";208458
"2021-01-20 00:00:00";203339
"2021-01-21 00:00:00";225305
"2021-01-22 00:00:00";208785
"2021-01-23 00:00:00";205418
"2021-01-24 00:00:00";198218
"2021-01-25 00:00:00";194070
"2021-01-26 00:00:00";213489
"2021-01-27 00:00:00";180978
"2021-01-28 00:00:00";189021
"2021-01-29 00:00:00";312088
"2021-01-30 00:00:00";336048
"2021-01-31 00:00:00";188729
"2021-02-01 00:00:00";205793
"2021-02-02 00:00:00";256610
"2021-02-03 00:00:00";200492
"2021-02-04 00:00:00";219323
"2021-02-05 00:00:00";426783
"2021-02-06 00:00:00";415594
"2021-02-07 00:00:00";436856
"2021-02-08 00:00:00";368218
"2021-02-09 00:00:00";386281
"2021-02-10 00:00:00";398549
"2021-02-11 00:00:00";428301
"2021-02-12 00:00:00";378906
"2021-02-13 00:00:00";427862
"2021-02-14 00:00:00";383504
"2021-02-15 00:00:00";393772
"2021-02-16 00:00:00";371035
"2021-02-17 00:00:00";394611
"2021-02-18 00:00:00";405100
"2021-02-19 00:00:00";505058
"2021-02-20 00:00:00";405621
"2021-02-21 00:00:00";413509
"2021-02-22 00:00:00";398580
"2021-02-23 00:00:00";423984
"2021-02-24 00:00:00";438763
"2021-02-25 00:00:00";467897
"2021-02-26 00:00:00";493532
"2021-02-27 00:00:00";449832
"2021-02-28 00:00:00";450604
"2021-03-01 00:00:00";493742
"2021-03-02 00:00:00";511941
"2021-03-03 00:00:00";472476
"2021-03-04 00:00:00";497663
"2021-03-05 00:00:00";508454
"2021-03-06 00:00:00";558262
"2021-03-07 00:00:00";399063
"2021-03-08 00:00:00";457196
"2021-03-09 00:00:00";408941
"2021-03-10 00:00:00";436880
"2021-03-11 00:00:00";445553
"2021-03-12 00:00:00";414686
"2021-03-13 00:00:00";404467
"2021-03-14 00:00:00";399876
"2021-03-15 00:00:00";426574
"2021-03-16 00:00:00";451811
"2021-03-17 00:00:00";421723
"2021-03-18 00:00:00";471620
"2021-03-19 00:00:00";449192
"2021-03-20 00:00:00";408516
"2021-03-21 00:00:00";428319
"2021-03-22 00:00:00";474307
"2021-03-23 00:00:00";466186
"2021-03-24 00:00:00";518782
"2021-03-25 00:00:00";504701
"2021-03-26 00:00:00";584437
"2021-03-27 00:00:00";601843
"2021-03-28 00:00:00";436454
"2021-03-29 00:00:00";510467
"2021-03-30 00:00:00";489136
"2021-03-31 00:00:00";466719
"2021-04-01 00:00:00";526196
"2021-04-02 00:00:00";474612
"2021-04-03 00:00:00";457500
"2021-04-04 00:00:00";653867
"2021-04-05 00:00:00";398684
"2021-04-06 00:00:00";459477
"2021-04-07 00:00:00";501477
"2021-04-08 00:00:00";489270
"2021-04-09 00:00:00";433599
"2021-04-10 00:00:00";411837
"2021-04-11 00:00:00";1116448
"2021-04-12 00:00:00";975826
"2021-04-13 00:00:00";831885
"2021-04-14 00:00:00";722511
"2021-04-15 00:00:00";843799
"2021-04-16 00:00:00";650912
"2021-04-17 00:00:00";809703
"2021-04-18 00:00:00";758595
"2021-04-19 00:00:00";709233
"2021-04-20 00:00:00";797058
"2021-04-21 00:00:00";901720
"2021-04-22 00:00:00";809227
"2021-04-23 00:00:00";683095
"2021-04-24 00:00:00";618359
"2021-04-25 00:00:00";792400
"2021-04-26 00:00:00";724702
"2021-04-27 00:00:00";928369
"2021-04-28 00:00:00";841749
"2021-04-29 00:00:00";747984
"2021-04-30 00:00:00";630569
"2021-05-01 00:00:00";696390
"2021-05-02 00:00:00";870088
"2021-05-03 00:00:00";1151828
"2021-05-04 00:00:00";944422
"2021-05-05 00:00:00";769619
"2021-05-06 00:00:00";855884
"2021-05-07 00:00:00";711092
"2021-05-08 00:00:00";659503
"2021-05-09 00:00:00";789562
"2021-05-10 00:00:00";741681
"2021-05-11 00:00:00";786293
"2021-05-12 00:00:00";641816
"2021-05-13 00:00:00";614172
"2021-05-14 00:00:00";651187
"2021-05-15 00:00:00";547894
"2021-05-16 00:00:00";729934
"2021-05-17 00:00:00";786670
"2021-05-18 00:00:00";722399
"2021-05-19 00:00:00";621999
"2021-05-20 00:00:00";776828
"2021-05-21 00:00:00";718142
"2021-05-22 00:00:00";583171
"2021-05-23 00:00:00";685813
"2021-05-24 00:00:00";682454
"2021-05-25 00:00:00";731731
"2021-05-26 00:00:00";445576
"2021-05-27 00:00:00";607630
"2021-05-28 00:00:00";564474
"2021-05-29 00:00:00";474826
"2021-05-30 00:00:00";502176
"2021-05-31 00:00:00";544701
"2021-06-01 00:00:00";496194
"2021-06-02 00:00:00";499073
"2021-06-03 00:00:00";609814
"2021-06-04 00:00:00";594906
"2021-06-05 00:00:00";470555
"2021-06-06 00:00:00";445605
"2021-06-07 00:00:00";515237
"2021-06-08 00:00:00";496675
"2021-06-09 00:00:00";447233
"2021-06-10 00:00:00";458649
"2021-06-11 00:00:00";389754
"2021-06-12 00:00:00";422452
"2021-06-13 00:00:00";405057
"2021-06-14 00:00:00";453525
"2021-06-15 00:00:00";449153
"2021-06-16 00:00:00";407473
"2021-06-17 00:00:00";560991
"2021-06-18 00:00:00";545023
"2021-06-19 00:00:00";460641
"2021-06-20 00:00:00";470079
"2021-06-21 00:00:00";429450
"2021-06-22 00:00:00";482843
"2021-06-23 00:00:00";404208
"2021-06-24 00:00:00";442461
"2021-06-25 00:00:00";332016
"2021-06-26 00:00:00";322458
"2021-06-27 00:00:00";316507
"2021-06-28 00:00:00";459193
"2021-06-29 00:00:00";435355
"2021-06-30 00:00:00";377563
"2021-07-01 00:00:00";362294
"2021-07-02 00:00:00";365683
"2021-07-03 00:00:00";374255
"2021-07-04 00:00:00";424577
"2021-07-05 00:00:00";343449
"2021-07-06 00:00:00";314214
"2021-07-07 00:00:00";306356
"2021-07-08 00:00:00";382768
"2021-07-09 00:00:00";370720
"2021-07-10 00:00:00";392460
"2021-07-11 00:00:00";246231
"2021-07-12 00:00:00";337476
"2021-07-13 00:00:00";380879
"2021-07-14 00:00:00";363802
"2021-07-15 00:00:00";465268
"2021-07-16 00:00:00";454172
"2021-07-17 00:00:00";395942
"2021-07-18 00:00:00";286866
"2021-07-19 00:00:00";429986
"2021-07-20 00:00:00";413524
"2021-07-21 00:00:00";442075
"2021-07-22 00:00:00";365348
"2021-07-23 00:00:00";432806
"2021-07-24 00:00:00";366643
"2021-07-25 00:00:00";323609
"2021-07-26 00:00:00";350308
"2021-07-27 00:00:00";351540
"2021-07-28 00:00:00";378808
"2021-07-29 00:00:00";428799
"2021-07-30 00:00:00";357711
"2021-07-31 00:00:00";346554
"2021-08-01 00:00:00";273902
"2021-08-02 00:00:00";307455
"2021-08-03 00:00:00";361467
"2021-08-04 00:00:00";352434
"2021-08-05 00:00:00";325627
"2021-08-06 00:00:00";335513
"2021-08-07 00:00:00";304585
"2021-08-08 00:00:00";348787
"2021-08-09 00:00:00";354509
"2021-08-10 00:00:00";347667
"2021-08-11 00:00:00";325126
"2021-08-12 00:00:00";396500
"2021-08-13 00:00:00";355236
"2021-08-14 00:00:00";354355
"2021-08-15 00:00:00";310079
"2021-08-16 00:00:00";404905
"2021-08-17 00:00:00";400669
"2021-08-18 00:00:00";402550
"2021-08-19 00:00:00";415076
"2021-08-20 00:00:00";341557
"2021-08-21 00:00:00";325636
"2021-08-22 00:00:00";437808
"2021-08-23 00:00:00";429682
"2021-08-24 00:00:00";396327
"2021-08-25 00:00:00";404916
"2021-08-26 00:00:00";412577
"2021-08-27 00:00:00";429139
"2021-08-28 00:00:00";392113
"2021-08-29 00:00:00";393893
"2021-08-30 00:00:00";492563
"2021-08-31 00:00:00";501686
"2021-09-01 00:00:00";461048
"2021-09-02 00:00:00";406804
"2021-09-03 00:00:00";384573
"2021-09-04 00:00:00";355294
"2021-09-05 00:00:00";479555
"2021-09-06 00:00:00";502657
"2021-09-07 00:00:00";591777
"2021-09-08 00:00:00";475349
"2021-09-09 00:00:00";419066
"2021-09-10 00:00:00";433979
"2021-09-11 00:00:00";356221
"2021-09-12 00:00:00";472453
"2021-09-13 00:00:00";454160
"2021-09-14 00:00:00";472322
"2021-09-15 00:00:00";515974
"2021-09-16 00:00:00";481274
"2021-09-17 00:00:00";477360
"2021-09-18 00:00:00";357685
"2021-09-19 00:00:00";399573
"2021-09-20 00:00:00";503246
"2021-09-21 00:00:00";416394
"2021-09-22 00:00:00";351007
"2021-09-23 00:00:00";304384
"2021-09-24 00:00:00";366634
"2021-09-25 00:00:00";295525
"2021-09-26 00:00:00";443956
"2021-09-27 00:00:00";334760
"2021-09-28 00:00:00";288491
"2021-09-29 00:00:00";336237
"2021-09-30 00:00:00";393794
"2021-10-01 00:00:00";296422
"2021-10-02 00:00:00";241604
"2021-10-03 00:00:00";358049
"2021-10-04 00:00:00";373186
"2021-10-05 00:00:00";405747
"2021-10-06 00:00:00";378071
"2021-10-07 00:00:00";371567
"2021-10-08 00:00:00";335616
"2021-10-09 00:00:00";282892
"2021-10-10 00:00:00";350655
"2021-10-11 00:00:00";421521
"2021-10-12 00:00:00";406071
"2021-10-13 00:00:00";423519
"2021-10-14 00:00:00";379982
"2021-10-15 00:00:00";351066
"2021-10-16 00:00:00";277568
"2021-10-17 00:00:00";469703
"2021-10-18 00:00:00";434471
"2021-10-19 00:00:00";413059
"2021-10-20 00:00:00";445659
"2021-10-21 00:00:00";412463
"2021-10-22 00:00:00";340713
"2021-10-23 00:00:00";281506
"2021-10-24 00:00:00";414287
"2021-10-25 00:00:00";416153
"2021-10-26 00:00:00";425918
"2021-10-27 00:00:00";440806
"2021-10-28 00:00:00";375880
"2021-10-29 00:00:00";412271
"2021-10-30 00:00:00";421610
"2021-10-31 00:00:00";363510
"2021-11-01 00:00:00";407350
"2021-11-02 00:00:00";443056
"2021-11-03 00:00:00";398075
"2021-11-04 00:00:00";368644
"2021-11-05 00:00:00";367765
"2021-11-06 00:00:00";328303
"2021-11-07 00:00:00";374346
"2021-11-08 00:00:00";400268
"2021-11-09 00:00:00";380144
"2021-11-10 00:00:00";361253
"2021-11-11 00:00:00";343703
"2021-11-12 00:00:00";293396
"2021-11-13 00:00:00";331136
"2021-11-14 00:00:00";378148
"2021-11-15 00:00:00";378730
"2021-11-16 00:00:00";406622
"2021-11-17 00:00:00";404034
"2021-11-18 00:00:00";339277
"2021-11-19 00:00:00";288901
"2021-11-20 00:00:00";288507
"2021-11-21 00:00:00";403721
"2021-11-22 00:00:00";398622
"2021-11-23 00:00:00";408664
"2021-11-24 00:00:00";425966
"2021-11-25 00:00:00";385062
"2021-11-26 00:00:00";308250
"2021-11-27 00:00:00";412096
"2021-11-28 00:00:00";415152
"2021-11-29 00:00:00";410434
"2021-11-30 00:00:00";442396
"2021-12-01 00:00:00";343157
"2021-12-02 00:00:00";364210
"2021-12-03 00:00:00";301348
"2021-12-04 00:00:00";247230
"2021-12-05 00:00:00";309358
"2021-12-06 00:00:00";378682
"2021-12-07 00:00:00";326045
"2021-12-08 00:00:00";371257
"2021-12-09 00:00:00";316814
"2021-12-10 00:00:00";343155
"2021-12-11 00:00:00";313381
"2021-12-12 00:00:00";385071
"2021-12-13 00:00:00";294292
"2021-12-14 00:00:00";369790
"2021-12-15 00:00:00";279197
"2021-12-16 00:00:00";330271
"2021-12-17 00:00:00";269973
"2021-12-18 00:00:00";272076
"2021-12-19 00:00:00";358801
"2021-12-20 00:00:00";335786
"2021-12-21 00:00:00";333781
"2021-12-22 00:00:00";412622
"2021-12-23 00:00:00";263278
"2021-12-24 00:00:00";251276
"2021-12-25 00:00:00";239727
"2021-12-26 00:00:00";241808
"2021-12-27 00:00:00";345792
"2021-12-28 00:00:00";322316
"2021-12-29 00:00:00";315797
"2021-12-30 00:00:00";317989
"2021-12-31 00:00:00";341534
"2022-01-01 00:00:00";308300
"2022-01-02 00:00:00";331864
"2022-01-03 00:00:00";404092
"2022-01-04 00:00:00";429721
"2022-01-05 00:00:00";359668
"2022-01-06 00:00:00";388887
"2022-01-07 00:00:00";405728
"2022-01-08 00:00:00";377012
"2022-01-09 00:00:00";382635
"2022-01-10 00:00:00";376593
"2022-01-11 00:00:00";431136
"2022-01-12 00:00:00";471822
"2022-01-13 00:00:00";412697
"2022-01-14 00:00:00";436241
"2022-01-15 00:00:00";508832
"2022-01-16 00:00:00";443850
"2022-01-17 00:00:00";487838
"2022-01-18 00:00:00";418260
"2022-01-19 00:00:00";421619
"2022-01-20 00:00:00";442641
"2022-01-21 00:00:00";361300
"2022-01-22 00:00:00";538143
"2022-01-23 00:00:00";483040
"2022-01-24 00:00:00";417696
"2022-01-25 00:00:00";508289
"2022-01-26 00:00:00";459415
"2022-01-27 00:00:00";437237
"2022-01-28 00:00:00";353934
"2022-01-29 00:00:00";443131
"2022-01-30 00:00:00";419853
"2022-01-31 00:00:00";452211
"2022-02-01 00:00:00";392907
"2022-02-02 00:00:00";412163
"2022-02-03 00:00:00";452783
"2022-02-04 00:00:00";399113
"2022-02-05 00:00:00";395932
"2022-02-06 00:00:00";419915
"2022-02-07 00:00:00";387206
"2022-02-08 00:00:00";357810
"2022-02-09 00:00:00";453462
"2022-02-10 00:00:00";403561
"2022-02-11 00:00:00";336647
"2022-02-12 00:00:00";399225
"2022-02-13 00:00:00";425071
"2022-02-14 00:00:00";363076
"2022-02-15 00:00:00";365707
"2022-02-16 00:00:00";396491
"2022-02-17 00:00:00";377606
"2022-02-18 00:00:00";365383
"2022-02-19 00:00:00";435239
"2022-02-20 00:00:00";385932
"2022-02-21 00:00:00";492316
"2022-02-22 00:00:00";396662
"2022-02-23 00:00:00";429040
"2022-02-24 00:00:00";353415
"2022-02-25 00:00:00";326950
"2022-02-26 00:00:00";305079
"2022-02-27 00:00:00";354992
"2022-02-28 00:00:00";324624
"2022-03-01 00:00:00";377596
"2022-03-02 00:00:00";441827
"2022-03-03 00:00:00";417042
"2022-03-04 00:00:00";419260
"2022-03-05 00:00:00";445212
"2022-03-06 00:00:00";336144
"2022-03-07 00:00:00";429072
"2022-03-08 00:00:00";403163
"2022-03-09 00:00:00";399255
"2022-03-10 00:00:00";357877
"2022-03-11 00:00:00";354761
"2022-03-12 00:00:00";323729
"2022-03-13 00:00:00";353754
"2022-03-14 00:00:00";464208
"2022-03-15 00:00:00";394144
"2022-03-16 00:00:00";365633
"2022-03-17 00:00:00";414208
"2022-03-18 00:00:00";348475
"2022-03-19 00:00:00";346331
"2022-03-20 00:00:00";271337
"2022-03-21 00:00:00";339329
"2022-03-22 00:00:00";369574
"2022-03-23 00:00:00";323330
"2022-03-24 00:00:00";456170
"2022-03-25 00:00:00";300597
"2022-03-26 00:00:00";257236
"2022-03-27 00:00:00";404639
"2022-03-28 00:00:00";292905
"2022-03-29 00:00:00";442252
"2022-03-30 00:00:00";292402
"2022-03-31 00:00:00";457920
"2022-04-01 00:00:00";258542
"2022-04-02 00:00:00";291362
"2022-04-03 00:00:00";297707
"2022-04-04 00:00:00";285168
"2022-04-05 00:00:00";409058
"2022-04-06 00:00:00";560718
"2022-04-07 00:00:00";318581
"2022-04-08 00:00:00";532083
"2022-04-09 00:00:00";266550
"2022-04-10 00:00:00";462077
"2022-04-11 00:00:00";512377
"2022-04-12 00:00:00";505802
"2022-04-13 00:00:00";480057
"2022-04-14 00:00:00";390288
"2022-04-15 00:00:00";332636
"2022-04-16 00:00:00";510973
"2022-04-17 00:00:00";530093
"2022-04-18 00:00:00";586704
"2022-04-19 00:00:00";572710
"2022-04-20 00:00:00";463905
"2022-04-21 00:00:00";448037
"2022-04-22 00:00:00";320546
"2022-04-23 00:00:00";346980
"2022-04-24 00:00:00";558892
"2022-04-25 00:00:00";456447
"2022-04-26 00:00:00";307884
"2022-04-27 00:00:00";385026
"2022-04-28 00:00:00";288305
"2022-04-29 00:00:00";409569
"2022-04-30 00:00:00";351895
"2022-05-01 00:00:00";376392
"2022-05-02 00:00:00";403585
"2022-05-03 00:00:00";420314
"2022-05-04 00:00:00";336661
"2022-05-05 00:00:00";515333
"2022-05-06 00:00:00";299037
"2022-05-07 00:00:00";298658
"2022-05-08 00:00:00";355392
"2022-05-09 00:00:00";393674
"2022-05-10 00:00:00";417533
"2022-05-11 00:00:00";334186
"2022-05-12 00:00:00";441132
"2022-05-13 00:00:00";378025
"2022-05-14 00:00:00";307652
"2022-05-15 00:00:00";388991
"2022-05-16 00:00:00";376406
"2022-05-17 00:00:00";384872
"2022-05-18 00:00:00";307720
"2022-05-19 00:00:00";396288
"2022-05-20 00:00:00";354534
"2022-05-21 00:00:00";227493
"2022-05-22 00:00:00";326392
"2022-05-23 00:00:00";393464
"2022-05-24 00:00:00";325055
"2022-05-25 00:00:00";281489
"2022-05-26 00:00:00";385541
"2022-05-27 00:00:00";264834
"2022-05-28 00:00:00";224088
"2022-05-29 00:00:00";436430
"2022-05-30 00:00:00";448935
"2022-05-31 00:00:00";366535
"2022-06-01 00:00:00";233749
"2022-06-02 00:00:00";323041
"2022-06-03 00:00:00";362256
"2022-06-04 00:00:00";234784
"2022-06-05 00:00:00";433578
"2022-06-06 00:00:00";413986
"2022-06-07 00:00:00";349214
"2022-06-08 00:00:00";427969
"2022-06-09 00:00:00";275260
"2022-06-10 00:00:00";268442
"2022-06-11 00:00:00";247939
"2022-06-12 00:00:00";263060
"2022-06-13 00:00:00";255721
"2022-06-14 00:00:00";402149
"2022-06-15 00:00:00";325144
"2022-06-16 00:00:00";264070
"2022-06-17 00:00:00";273953
"2022-06-18 00:00:00";276710
"2022-06-19 00:00:00";235151
"2022-06-20 00:00:00";320568
"2022-06-21 00:00:00";268165
"2022-06-22 00:00:00";296512
"2022-06-23 00:00:00";251248
"2022-06-24 00:00:00";252224
"2022-06-25 00:00:00";242368
"2022-06-26 00:00:00";264839
"2022-06-27 00:00:00";283670
"2022-06-28 00:00:00";308426
"2022-06-29 00:00:00";280508
"2022-06-30 00:00:00";256242
"2022-07-01 00:00:00";234149
"2022-07-02 00:00:00";308910
"2022-07-03 00:00:00";268051
"2022-07-04 00:00:00";264685
"2022-07-05 00:00:00";304733
"2022-07-06 00:00:00";294915
"2022-07-07 00:00:00";277507
"2022-07-08 00:00:00";301041
"2022-07-09 00:00:00";280928
"2022-07-10 00:00:00";228745
"2022-07-11 00:00:00";259989
"2022-07-12 00:00:00";298425
"2022-07-13 00:00:00";300315
"2022-07-14 00:00:00";294013
"2022-07-15 00:00:00";230239
"2022-07-16 00:00:00";250604
"2022-07-17 00:00:00";270562
"2022-07-18 00:00:00";321386
"2022-07-19 00:00:00";349880
"2022-07-20 00:00:00";417368
"2022-07-21 00:00:00";440484
"2022-07-22 00:00:00";499061
"2022-07-23 00:00:00";380767
"2022-07-24 00:00:00";346628
"2022-07-25 00:00:00";381051
"2022-07-26 00:00:00";393207
"2022-07-27 00:00:00";359760
"2022-07-28 00:00:00";424610
"2022-07-29 00:00:00";344636
"2022-07-30 00:00:00";365915
"2022-07-31 00:00:00";408876
"2022-08-01 00:00:00";325121
"2022-08-02 00:00:00";396131
"2022-08-03 00:00:00";383246
"2022-08-04 00:00:00";369614
"2022-08-05 00:00:00";395697
"2022-08-06 00:00:00";333037
"2022-08-07 00:00:00";342428
"2022-08-08 00:00:00";363064
"2022-08-09 00:00:00";358689
"2022-08-10 00:00:00";346947
"2022-08-11 00:00:00";344170
"2022-08-12 00:00:00";458088
"2022-08-13 00:00:00";322687
"2022-08-14 00:00:00";237646
"2022-08-15 00:00:00";287729
"2022-08-16 00:00:00";344010
"2022-08-17 00:00:00";425961
"2022-08-18 00:00:00";323984
"2022-08-19 00:00:00";398623
"2022-08-20 00:00:00";349087
"2022-08-21 00:00:00";286908
"2022-08-22 00:00:00";321864
"2022-08-23 00:00:00";311470
"2022-08-24 00:00:00";296777
"2022-08-25 00:00:00";293810
"2022-08-26 00:00:00";300724
"2022-08-27 00:00:00";275907
"2022-08-28 00:00:00";268781
"2022-08-29 00:00:00";291726
"2022-08-30 00:00:00";384375
"2022-08-31 00:00:00";260683
"2022-09-01 00:00:00";303165
"2022-09-02 00:00:00";279957
"2022-09-03 00:00:00";275497
"2022-09-04 00:00:00";319237
"2022-09-05 00:00:00";283436
"2022-09-06 00:00:00";237976
"2022-09-07 00:00:00";307828
"2022-09-08 00:00:00";343518
"2022-09-09 00:00:00";300441
"2022-09-10 00:00:00";227832
"2022-09-11 00:00:00";279519
"2022-09-12 00:00:00";409219
"2022-09-13 00:00:00";337868
"2022-09-14 00:00:00";262247
"2022-09-15 00:00:00";326533
"2022-09-16 00:00:00";208667
"2022-09-17 00:00:00";324728
"2022-09-18 00:00:00";366894
"2022-09-19 00:00:00";277846
"2022-09-20 00:00:00";298162
"2022-09-21 00:00:00";297698
"2022-09-22 00:00:00";303972
"2022-09-23 00:00:00";276136
"2022-09-24 00:00:00";267352
"2022-09-25 00:00:00";269878
"2022-09-26 00:00:00";273536
"2022-09-27 00:00:00";303676
"2022-09-28 00:00:00";261324
"2022-09-29 00:00:00";261917
"2022-09-30 00:00:00";223517
"2022-10-01 00:00:00";183207
"2022-10-02 00:00:00";236616
"2022-10-03 00:00:00";263656
"2022-10-04 00:00:00";250392
"2022-10-05 00:00:00";257185
"2022-10-06 00:00:00";228475
"2022-10-07 00:00:00";204470
"2022-10-08 00:00:00";173648
"2022-10-09 00:00:00";227052
"2022-10-10 00:00:00";259689
"2022-10-11 00:00:00";229379
"2022-10-12 00:00:00";241163
"2022-10-13 00:00:00";250978
"2022-10-14 00:00:00";235784
"2022-10-15 00:00:00";201689
"2022-10-16 00:00:00";259193
"2022-10-17 00:00:00";300335
"2022-10-18 00:00:00";295411
"2022-10-19 00:00:00";256873
"2022-10-20 00:00:00";265557
"2022-10-21 00:00:00";299689
"2022-10-22 00:00:00";306871
"2022-10-23 00:00:00";287401
"2022-10-24 00:00:00";303527
"2022-10-25 00:00:00";337876
"2022-10-26 00:00:00";345724
"2022-10-27 00:00:00";287161
"2022-10-28 00:00:00";311917
"2022-10-29 00:00:00";219473
"2022-10-30 00:00:00";245893
"2022-10-31 00:00:00";236981
"2022-11-01 00:00:00";327861
"2022-11-02 00:00:00";321172
"2022-11-03 00:00:00";552086
"2022-11-04 00:00:00";501100
"2022-11-05 00:00:00";367070
"2022-11-06 00:00:00";286488
"2022-11-07 00:00:00";277048
"2022-11-08 00:00:00";304555
"2022-11-09 00:00:00";252853
"2022-11-10 00:00:00";284618
"2022-11-11 00:00:00";334404
"2022-11-12 00:00:00";267574
"2022-11-13 00:00:00";279291
"2022-11-14 00:00:00";289241
"2022-11-15 00:00:00";312695
"2022-11-16 00:00:00";333685
"2022-11-17 00:00:00";250449
"2022-11-18 00:00:00";313676
"2022-11-19 00:00:00";261843
"2022-11-20 00:00:00";276237
"2022-11-21 00:00:00";280543
"2022-11-22 00:00:00";266827
"2022-11-23 00:00:00";281453
"2022-11-24 00:00:00";329459
"2022-11-25 00:00:00";211432
"2022-11-26 00:00:00";247958
"2022-11-27 00:00:00";274982
"2022-11-28 00:00:00";227287
"2022-11-29 00:00:00";275796
"2022-11-30 00:00:00";310896
"2022-12-01 00:00:00";266403
"2022-12-02 00:00:00";283496
"2022-12-03 00:00:00";257054
"2022-12-04 00:00:00";228515
"2022-12-05 00:00:00";226620
"2022-12-06 00:00:00";276876
"2022-12-07 00:00:00";321779
"2022-12-08 00:00:00";293015
"2022-12-09 00:00:00";274103
"2022-12-10 00:00:00";282082
"2022-12-11 00:00:00";230876
"2022-12-12 00:00:00";291477
"2022-12-13 00:00:00";322035
"2022-12-14 00:00:00";292639
"2022-12-15 00:00:00";321968
"2022-12-16 00:00:00";202135
"2022-12-17 00:00:00";220109
"2022-12-18 00:00:00";204293
"2022-12-19 00:00:00";220866
"2022-12-20 00:00:00";288519
"2022-12-21 00:00:00";370638
"2022-12-22 00:00:00";307650
"2022-12-23 00:00:00";259787
"2022-12-24 00:00:00";229229
"2022-12-25 00:00:00";195132
"2022-12-26 00:00:00";268853
"2022-12-27 00:00:00";335072
"2022-12-28 00:00:00";324652
"2022-12-29 00:00:00";291844
"2022-12-30 00:00:00";229754
"2022-12-31 00:00:00";187941
"2023-01-01 00:00:00";196462
"2023-01-02 00:00:00";249230
"2023-01-03 00:00:00";270797
"2023-01-04 00:00:00";316226
"2023-01-05 00:00:00";348674
"2023-01-06 00:00:00";367643
"2023-01-07 00:00:00";333250
"2023-01-08 00:00:00";302106
"2023-01-09 00:00:00";290035
"2023-01-10 00:00:00";356657
"2023-01-11 00:00:00";400882
"2023-01-12 00:00:00";444215
"2023-01-13 00:00:00";404982
"2023-01-14 00:00:00";353569
"2023-01-15 00:00:00";267031
"2023-01-16 00:00:00";370400
"2023-01-17 00:00:00";531996
"2023-01-18 00:00:00";331691
"2023-01-19 00:00:00";411755
"2023-01-20 00:00:00";345763
"2023-01-21 00:00:00";393978
"2023-01-22 00:00:00";306883
"2023-01-23 00:00:00";318592
"2023-01-24 00:00:00";352986
"2023-01-25 00:00:00";393005
"2023-01-26 00:00:00";446062
"2023-01-27 00:00:00";505024
"2023-01-28 00:00:00";234045
"2023-01-29 00:00:00";261552
"2023-01-30 00:00:00";380180
"2023-01-31 00:00:00";320808
"2023-02-01 00:00:00";339841
"2023-02-02 00:00:00";408358
"2023-02-03 00:00:00";475417
"2023-02-04 00:00:00";435882
"2023-02-05 00:00:00";276237
"2023-02-06 00:00:00";321159
"2023-02-07 00:00:00";411110
"2023-02-08 00:00:00";373599
"2023-02-09 00:00:00";385904
"2023-02-10 00:00:00";310406
"2023-02-11 00:00:00";341299
"2023-02-12 00:00:00";239237
"2023-02-13 00:00:00";323865
"2023-02-14 00:00:00";276577
"2023-02-15 00:00:00";290878
"2023-02-16 00:00:00";288924
"2023-02-17 00:00:00";270238
"2023-02-18 00:00:00";340669
"2023-02-19 00:00:00";301849
"2023-02-20 00:00:00";279323
"2023-02-21 00:00:00";337250
"2023-02-22 00:00:00";352150
"2023-02-23 00:00:00";377822
"2023-02-24 00:00:00";269563
"2023-02-25 00:00:00";294085
"2023-02-26 00:00:00";210334
"2023-02-27 00:00:00";255295
"2023-02-28 00:00:00";281435
"2023-03-01 00:00:00";301783
"2023-03-02 00:00:00";280348
"2023-03-03 00:00:00";336042
"2023-03-04 00:00:00";237542
"2023-03-05 00:00:00";239779
"2023-03-06 00:00:00";295831
"2023-03-07 00:00:00";344957
"2023-03-08 00:00:00";346586
"2023-03-09 00:00:00";335415
"2023-03-10 00:00:00";334006
"2023-03-11 00:00:00";317094
"2023-03-12 00:00:00";258388
"2023-03-13 00:00:00";280890
"2023-03-14 00:00:00";321091
"2023-03-15 00:00:00";510069
"2023-03-16 00:00:00";407469
"2023-03-17 00:00:00";430265
"2023-03-18 00:00:00";411155
"2023-03-19 00:00:00";289832
"2023-03-20 00:00:00";334239
"2023-03-21 00:00:00";369809
"2023-03-22 00:00:00";421309
"2023-03-23 00:00:00";382349
"2023-03-24 00:00:00";336188
"2023-03-25 00:00:00";293147
"2023-03-26 00:00:00";325307
"2023-03-27 00:00:00";304653
"2023-03-28 00:00:00";352696
"2023-03-29 00:00:00";378301
"2023-03-30 00:00:00";353467
"2023-03-31 00:00:00";362539
"2023-04-01 00:00:00";276788
"2023-04-02 00:00:00";401650
"2023-04-03 00:00:00";314828
"2023-04-04 00:00:00";341850
"2023-04-05 00:00:00";301940
"2023-04-06 00:00:00";354978
"2023-04-07 00:00:00";354878
"2023-04-08 00:00:00";340467
"2023-04-09 00:00:00";371408
"2023-04-10 00:00:00";444081
"2023-04-11 00:00:00";387150
"2023-04-12 00:00:00";339660
"2023-04-13 00:00:00";269966
"2023-04-14 00:00:00";379904
"2023-04-15 00:00:00";353240
"2023-04-16 00:00:00";409601
"2023-04-17 00:00:00";442693
"2023-04-18 00:00:00";432824
"2023-04-19 00:00:00";283612
"2023-04-20 00:00:00";295907
"2023-04-21 00:00:00";334774
"2023-04-22 00:00:00";317414
"2023-04-23 00:00:00";370851
"2023-04-24 00:00:00";430350
"2023-04-25 00:00:00";298419
"2023-04-26 00:00:00";311063
"2023-04-27 00:00:00";253394
"2023-04-28 00:00:00";338289
"2023-04-29 00:00:00";289229
"2023-04-30 00:00:00";210648
"2023-05-01 00:00:00";235213
"2023-05-02 00:00:00";298404
"2023-05-03 00:00:00";299259
"2023-05-04 00:00:00";313124
"2023-05-05 00:00:00";0
"2023-05-06 00:00:00";205563
"2023-05-07 00:00:00";252618
"2023-05-08 00:00:00";269706
"2023-05-09 00:00:00";321679
"2023-05-10 00:00:00";304331
"2023-05-11 00:00:00";331171
"2023-05-12 00:00:00";240206
"2023-05-13 00:00:00";245980
"2023-05-14 00:00:00";217437
"2023-05-15 00:00:00";273821
"2023-05-16 00:00:00";221702
"2023-05-17 00:00:00";215554
"2023-05-18 00:00:00";231332
"2023-05-19 00:00:00";286725
"2023-05-20 00:00:00";224899
"2023-05-21 00:00:00";246143
"2023-05-22 00:00:00";234445
"2023-05-23 00:00:00";296691
"2023-05-24 00:00:00";296422
"2023-05-25 00:00:00";240453
"2023-05-26 00:00:00";275453
"2023-05-27 00:00:00";200957
"2023-05-28 00:00:00";221997
"2023-05-29 00:00:00";255953
"2023-05-30 00:00:00";271821
"2023-05-31 00:00:00";296922
"2023-06-01 00:00:00";264146
"2023-06-02 00:00:00";185043
"2023-06-03 00:00:00";240663
"2023-06-04 00:00:00";308384
"2023-06-05 00:00:00";244394
"2023-06-06 00:00:00";296417
"2023-06-07 00:00:00";247736
"2023-06-08 00:00:00";278090
"2023-06-09 00:00:00";228767
"2023-06-10 00:00:00";161127
"2023-06-11 00:00:00";199263
"2023-06-12 00:00:00";235410
"2023-06-13 00:00:00";256911
"2023-06-14 00:00:00";289303
"2023-06-15 00:00:00";303043
"2023-06-16 00:00:00";331521
"2023-06-17 00:00:00";202605
"2023-06-18 00:00:00";239968
"2023-06-19 00:00:00";251022
"2023-06-20 00:00:00";302519
"2023-06-21 00:00:00";263625
"2023-06-22 00:00:00";331185
"2023-06-23 00:00:00";299141
"2023-06-24 00:00:00";234969
"2023-06-25 00:00:00";263364
"2023-06-26 00:00:00";282688
"2023-06-27 00:00:00";270718
"2023-06-28 00:00:00";297245
"2023-06-29 00:00:00";305575
"2023-06-30 00:00:00";308636
"2023-07-01 00:00:00";269554
"2023-07-02 00:00:00";258168
"2023-07-03 00:00:00";337888
"2023-07-04 00:00:00";282911
"2023-07-05 00:00:00";345081
"2023-07-06 00:00:00";295946
"2023-07-07 00:00:00";313585
"2023-07-08 00:00:00";193166
"2023-07-09 00:00:00";259535
"2023-07-10 00:00:00";294755
"2023-07-11 00:00:00";339468
"2023-07-12 00:00:00";289135
"2023-07-13 00:00:00";269111
"2023-07-14 00:00:00";326157
"2023-07-15 00:00:00";280498
"2023-07-16 00:00:00";320017
"2023-07-17 00:00:00";275966
"2023-07-18 00:00:00";391458
"2023-07-19 00:00:00";453250
"2023-07-20 00:00:00";389703
"2023-07-21 00:00:00";406039
"2023-07-22 00:00:00";403605
"2023-07-23 00:00:00";411729
"2023-07-24 00:00:00";450502
"2023-07-25 00:00:00";438114
"2023-07-26 00:00:00";399423
"2023-07-27 00:00:00";400388
"2023-07-28 00:00:00";435178
"2023-07-29 00:00:00";448019
"2023-07-30 00:00:00";286354
"2023-07-31 00:00:00";298055
"2023-08-01 00:00:00";275613
"2023-08-02 00:00:00";273142
"2023-08-03 00:00:00";297741
"2023-08-04 00:00:00";275258
"2023-08-05 00:00:00";226238
"2023-08-06 00:00:00";265937
"2023-08-07 00:00:00";272164
"2023-08-08 00:00:00";264703
"2023-08-09 00:00:00";274441
"2023-08-10 00:00:00";276868
"2023-08-11 00:00:00";257382
"2023-08-12 00:00:00";250618
"2023-08-13 00:00:00";280894
"2023-08-14 00:00:00";195195
"2023-08-15 00:00:00";317481
"2023-08-16 00:00:00";280966
"2023-08-17 00:00:00";247087
"2023-08-18 00:00:00";205158
"2023-08-19 00:00:00";204394
"2023-08-20 00:00:00";266250
"2023-08-21 00:00:00";264604
"2023-08-22 00:00:00";221172
"2023-08-23 00:00:00";319087
"2023-08-24 00:00:00";318479
"2023-08-25 00:00:00";234589
"2023-08-26 00:00:00";225996
"2023-08-27 00:00:00";288144
"2023-08-28 00:00:00";271455
"2023-08-29 00:00:00";254166
"2023-08-30 00:00:00";281627
"2023-08-31 00:00:00";257375
"2023-09-01 00:00:00";238421
"2023-09-02 00:00:00";211358
"2023-09-03 00:00:00";272424
"2023-09-04 00:00:00";267195
"2023-09-05 00:00:00";308327
"2023-09-06 00:00:00";266857
"2023-09-07 00:00:00";243452
"2023-09-08 00:00:00";222729
"2023-09-09 00:00:00";231686
"2023-09-10 00:00:00";310604
"2023-09-11 00:00:00";281714
"2023-09-12 00:00:00";307362
"2023-09-13 00:00:00";267518
"2023-09-14 00:00:00";263950
"2023-09-15 00:00:00";233576
"2023-09-16 00:00:00";220006
"2023-09-17 00:00:00";291643
"2023-09-18 00:00:00";268349
"2023-09-19 00:00:00";259158
"2023-09-20 00:00:00";263278
"2023-09-21 00:00:00";252333
"2023-09-22 00:00:00";245514
"2023-09-23 00:00:00";217639
"2023-09-24 00:00:00";262409
"2023-09-25 00:00:00";260183
"2023-09-26 00:00:00";271453
"2023-09-27 00:00:00";259887
"2023-09-28 00:00:00";219718
"2023-09-29 00:00:00";242250
"2023-09-30 00:00:00";210503
"2023-10-01 00:00:00";249248
"2023-10-02 00:00:00";217655
"2023-10-03 00:00:00";210467
"2023-10-04 00:00:00";196105
"2023-10-05 00:00:00";201167
"2023-10-06 00:00:00";189578
"2023-10-07 00:00:00";200581
"2023-10-08 00:00:00";222073
"2023-10-09 00:00:00";239564
"2023-10-10 00:00:00";251216
"2023-10-11 00:00:00";248447
"2023-10-12 00:00:00";231054
"2023-10-13 00:00:00";218440
"2023-10-14 00:00:00";196491
"2023-10-15 00:00:00";269685
"2023-10-16 00:00:00";303981
"2023-10-17 00:00:00";260439
"2023-10-18 00:00:00";284385
"2023-10-19 00:00:00";251191
"2023-10-20 00:00:00";227385
"2023-10-21 00:00:00";253836
"2023-10-22 00:00:00";262310
"2023-10-23 00:00:00";262582
"2023-10-24 00:00:00";258271
"2023-10-25 00:00:00";282301
"2023-10-26 00:00:00";229934
"2023-10-27 00:00:00";218012
"2023-10-28 00:00:00";190735
"2023-10-29 00:00:00";221903
"2023-10-30 00:00:00";240728
"2023-10-31 00:00:00";236420
"2023-11-01 00:00:00";230137
"2023-11-02 00:00:00";227598
"2023-11-03 00:00:00";228834
"2023-11-04 00:00:00";216079
"2023-11-05 00:00:00";243052
"2023-11-06 00:00:00";219625
"2023-11-07 00:00:00";225317
"2023-11-08 00:00:00";230609
"2023-11-09 00:00:00";190122
"2023-11-10 00:00:00";205834
"2023-11-11 00:00:00";220525
"2023-11-12 00:00:00";217680
"2023-11-13 00:00:00";213024
"2023-11-14 00:00:00";259746
"2023-11-15 00:00:00";229363
"2023-11-16 00:00:00";216995
"2023-11-17 00:00:00";206888
"2023-11-18 00:00:00";202182
"2023-11-19 00:00:00";242529
"2023-11-20 00:00:00";225950
"2023-11-21 00:00:00";221213
"2023-11-22 00:00:00";220865
"2023-11-23 00:00:00";220945
"2023-11-24 00:00:00";211317
"2023-11-25 00:00:00";195201
"2023-11-26 00:00:00";283957
"2023-11-27 00:00:00";217588
"2023-11-28 00:00:00";235412
"2023-11-29 00:00:00";218902
"2023-11-30 00:00:00";198223
"2023-12-01 00:00:00";211624
"2023-12-02 00:00:00";231258
"2023-12-03 00:00:00";228070
"2023-12-04 00:00:00";240501
"2023-12-05 00:00:00";241893
"2023-12-06 00:00:00";233611
"2023-12-07 00:00:00";203315
"2023-12-08 00:00:00";214369
"2023-12-09 00:00:00";199562
"2023-12-10 00:00:00";454332
"2023-12-11 00:00:00";425969
"2023-12-12 00:00:00";433059
"2023-12-13 00:00:00";416894
"2023-12-14 00:00:00";368038
"2023-12-15 00:00:00";497522
"2023-12-16 00:00:00";468372
"2023-12-17 00:00:00";446065
"2023-12-18 00:00:00";410401
"2023-12-19 00:00:00";405261
"2023-12-20 00:00:00";411655
"2023-12-21 00:00:00";427074
"2023-12-22 00:00:00";415985
"2023-12-23 00:00:00";355078
"2023-12-24 00:00:00";289726
"2023-12-25 00:00:00";277849
"2023-12-26 00:00:00";308542
"2023-12-27 00:00:00";432204
"2023-12-28 00:00:00";411962
"2023-12-29 00:00:00";336093
"2023-12-30 00:00:00";305884
"2023-12-31 00:00:00";296946
"2024-01-01 00:00:00";298784
"2024-01-02 00:00:00";416775
"2024-01-03 00:00:00";622717
"2024-01-04 00:00:00";587729
"2024-01-05 00:00:00";536556
"2024-01-06 00:00:00";405870
"2024-01-07 00:00:00";379526
"2024-01-08 00:00:00";366823
"2024-01-09 00:00:00";413169
"2024-01-10 00:00:00";464086
"2024-01-11 00:00:00";494416
"2024-01-12 00:00:00";494856
"2024-01-13 00:00:00";479268
"2024-01-14 00:00:00";327372
"2024-01-15 00:00:00";359551
"2024-01-16 00:00:00";492238
"2024-01-17 00:00:00";513943
"2024-01-18 00:00:00";505697
"2024-01-19 00:00:00";497988
"2024-01-20 00:00:00";369342
"2024-01-21 00:00:00";406525
"2024-01-22 00:00:00";349795
"2024-01-23 00:00:00";357582
"2024-01-24 00:00:00";472687
"2024-01-25 00:00:00";457383
"2024-01-26 00:00:00";444034
"2024-01-27 00:00:00";437305
"2024-01-28 00:00:00";387342
"2024-01-29 00:00:00";430594
"2024-01-30 00:00:00";474084
"2024-01-31 00:00:00";500578
"2024-02-01 00:00:00";497029
"2024-02-02 00:00:00";422536
"2024-02-03 00:00:00";378963
"2024-02-04 00:00:00";353688
"2024-02-05 00:00:00";416791
"2024-02-06 00:00:00";401370
"2024-02-07 00:00:00";428485
"2024-02-08 00:00:00";398258
"2024-02-09 00:00:00";345160
"2024-02-10 00:00:00";297095
"2024-02-11 00:00:00";396293
"2024-02-12 00:00:00";394133
"2024-02-13 00:00:00";417828
"2024-02-14 00:00:00";389484
"2024-02-15 00:00:00";381805
"2024-02-16 00:00:00";335187
"2024-02-17 00:00:00";340376
"2024-02-18 00:00:00";385696
"2024-02-19 00:00:00";396098
"2024-02-20 00:00:00";401018
"2024-02-21 00:00:00";414477
"2024-02-22 00:00:00";374583
"2024-02-23 00:00:00";369276
"2024-02-24 00:00:00";306297
"2024-02-25 00:00:00";319594
"2024-02-26 00:00:00";367782
"2024-02-27 00:00:00";377458
"2024-02-28 00:00:00";414493
"2024-02-29 00:00:00";352780
"2024-03-01 00:00:00";362280
"2024-03-02 00:00:00";333288
"2024-03-03 00:00:00";440180
"2024-03-04 00:00:00";282272
"2024-03-05 00:00:00";346801
"2024-03-06 00:00:00";349635
"2024-03-07 00:00:00";338687
"2024-03-08 00:00:00";364745
"2024-03-09 00:00:00";310380
"2024-03-10 00:00:00";294776
"2024-03-11 00:00:00";355495
"2024-03-12 00:00:00";350396
"2024-03-13 00:00:00";394947
"2024-03-14 00:00:00";344254
"2024-03-15 00:00:00";305667
"2024-03-16 00:00:00";294234
"2024-03-17 00:00:00";361522
"2024-03-18 00:00:00";330689
"2024-03-19 00:00:00";338996
"2024-03-20 00:00:00";378584
"2024-03-21 00:00:00";298168
"2024-03-22 00:00:00";285877
"2024-03-23 00:00:00";275024
"2024-03-24 00:00:00";374790
"2024-03-25 00:00:00";420626
"2024-03-26 00:00:00";395538
"2024-03-27 00:00:00";365858
"2024-03-28 00:00:00";398646
"2024-03-29 00:00:00";385783
"2024-03-30 00:00:00";372362
"2024-03-31 00:00:00";387283
"2024-04-01 00:00:00";426986
"2024-04-02 00:00:00";354503
"2024-04-03 00:00:00";367235
"2024-04-04 00:00:00";370061
"2024-04-05 00:00:00";361024
"2024-04-06 00:00:00";310335
"2024-04-07 00:00:00";388442
"2024-04-08 00:00:00";385560
"2024-04-09 00:00:00";297568
"2024-04-10 00:00:00";289539
"2024-04-11 00:00:00";327349
"2024-04-12 00:00:00";293087
"2024-04-13 00:00:00";257529
"2024-04-14 00:00:00";295045
"2024-04-15 00:00:00";333378
"2024-04-16 00:00:00";268241
"2024-04-17 00:00:00";254324
"2024-04-18 00:00:00";305711
"2024-04-19 00:00:00";326149
"2024-04-20 00:00:00";282047
"2024-04-21 00:00:00";285437
"2024-04-22 00:00:00";525032
"2024-04-23 00:00:00";357366
"2024-04-24 00:00:00";406442
"2024-04-25 00:00:00";363502
"2024-04-26 00:00:00";413121
"2024-04-27 00:00:00";312864
"2024-04-28 00:00:00";507397
"2024-04-29 00:00:00";399841
"2024-04-30 00:00:00";349434
"2024-05-01 00:00:00";400816
"2024-05-02 00:00:00";420821
"2024-05-03 00:00:00";356598
"2024-05-04 00:00:00";280921
"2024-05-05 00:00:00";408424
"2024-05-06 00:00:00";458296
"2024-05-07 00:00:00";328779
"2024-05-08 00:00:00";312391
"2024-05-09 00:00:00";385025
"2024-05-10 00:00:00";327339
"2024-05-11 00:00:00";268134
"2024-05-12 00:00:00";339523
"2024-05-13 00:00:00";410510
"2024-05-14 00:00:00";335582
"2024-05-15 00:00:00";344100
"2024-05-16 00:00:00";369410
"2024-05-17 00:00:00";334349
"2024-05-18 00:00:00";305987
"2024-05-19 00:00:00";328790
"2024-05-20 00:00:00";379269
"2024-05-21 00:00:00";328391
"2024-05-22 00:00:00";359652
"2024-05-23 00:00:00";293294
"2024-05-24 00:00:00";341848
"2024-05-25 00:00:00";321545
"2024-05-26 00:00:00";249510
"2024-05-27 00:00:00";273913
"2024-05-28 00:00:00";281305
"2024-05-29 00:00:00";297323
"2024-05-30 00:00:00";294413
"2024-05-31 00:00:00";268735
"2024-06-01 00:00:00";267396
"2024-06-02 00:00:00";267214
"2024-06-03 00:00:00";251276
"2024-06-04 00:00:00";273878
"2024-06-05 00:00:00";266514
"2024-06-06 00:00:00";238655
"2024-06-07 00:00:00";296457
"2024-06-08 00:00:00";244332
"2024-06-09 00:00:00";305070
"2024-06-10 00:00:00";285198
"2024-06-11 00:00:00";281479
"2024-06-12 00:00:00";253982
"2024-06-13 00:00:00";290668
"2024-06-14 00:00:00";274865
"2024-06-15 00:00:00";264485
"2024-06-16 00:00:00";221517
"2024-06-17 00:00:00";242969
"2024-06-18 00:00:00";261571
"2024-06-19 00:00:00";277100
"2024-06-20 00:00:00";273203
"2024-06-21 00:00:00";287578
"2024-06-22 00:00:00";187265
"2024-06-23 00:00:00";252919
"2024-06-24 00:00:00";270392
"2024-06-25 00:00:00";282993
"2024-06-26 00:00:00";263842
"2024-06-27 00:00:00";268392
"2024-06-28 00:00:00";271279
"2024-06-29 00:00:00";236995
"2024-06-30 00:00:00";258332
"2024-07-01 00:00:00";264086
"2024-07-02 00:00:00";243691
"2024-07-03 00:00:00";231699
"2024-07-04 00:00:00";208975
"2024-07-05 00:00:00";169502
"2024-07-06 00:00:00";167796
"2024-07-07 00:00:00";283899
"2024-07-08 00:00:00";341136
"2024-07-09 00:00:00";245319
"2024-07-10 00:00:00";234692
"2024-07-11 00:00:00";231219
"2024-07-12 00:00:00";273595
"2024-07-13 00:00:00";245542
"2024-07-14 00:00:00";215377
"2024-07-15 00:00:00";220647
"2024-07-16 00:00:00";263645
"2024-07-17 00:00:00";245285
"2024-07-18 00:00:00";223837
"2024-07-19 00:00:00";212474
"2024-07-20 00:00:00";191949
"2024-07-21 00:00:00";200758
"2024-07-22 00:00:00";272672
"2024-07-23 00:00:00";269064
"2024-07-24 00:00:00";331914
"2024-07-25 00:00:00";253697
"2024-07-26 00:00:00";280824
"2024-07-27 00:00:00";235493
"2024-07-28 00:00:00";242717
"2024-07-29 00:00:00";251334
"2024-07-30 00:00:00";263688
"2024-07-31 00:00:00";310540
"2024-08-01 00:00:00";242788
"2024-08-02 00:00:00";247183
"2024-08-03 00:00:00";221974
"2024-08-04 00:00:00";198327
"2024-08-05 00:00:00";223080
"2024-08-06 00:00:00";227366
"2024-08-07 00:00:00";230894
"2024-08-08 00:00:00";240543
"2024-08-09 00:00:00";222076
"2024-08-10 00:00:00";220211
"2024-08-11 00:00:00";182747
"2024-08-12 00:00:00";220426
"2024-08-13 00:00:00";236260
"2024-08-14 00:00:00";240416
"2024-08-15 00:00:00";246690
"2024-08-16 00:00:00";234752
"2024-08-17 00:00:00";183218
"2024-08-18 00:00:00";184077
"2024-08-19 00:00:00";240684
"2024-08-20 00:00:00";247395
"2024-08-21 00:00:00";236438
"2024-08-22 00:00:00";232696
"2024-08-23 00:00:00";236105
"2024-08-24 00:00:00";145154
"2024-08-25 00:00:00";194693
"2024-08-26 00:00:00";288098
"2024-08-27 00:00:00";238842
"2024-08-28 00:00:00";278499
"2024-08-29 00:00:00";236848
"2024-08-30 00:00:00";246710
"2024-08-31 00:00:00";227801
"2024-09-01 00:00:00";212332
"2024-09-02 00:00:00";233805
"2024-09-03 00:00:00";240715
"2024-09-04 00:00:00";241987
"2024-09-05 00:00:00";244791
"2024-09-06 00:00:00";181898
"2024-09-07 00:00:00";177723
"2024-09-08 00:00:00";186414
"2024-09-09 00:00:00";227744
"2024-09-10 00:00:00";222632
"2024-09-11 00:00:00";231154
"2024-09-12 00:00:00";235173
"2024-09-13 00:00:00";249369
"2024-09-14 00:00:00";198105
"2024-09-15 00:00:00";246896
"2024-09-16 00:00:00";261283
"2024-09-17 00:00:00";241290
"2024-09-18 00:00:00";282602
"2024-09-19 00:00:00";223248
"2024-09-20 00:00:00";204823
"2024-09-21 00:00:00";174595
"2024-09-22 00:00:00";248724
"2024-09-23 00:00:00";217413
"2024-09-24 00:00:00";240811
"2024-09-25 00:00:00";232289
"2024-09-26 00:00:00";224759
"2024-09-27 00:00:00";239761
"2024-09-28 00:00:00";197469
"2024-09-29 00:00:00";230961
"2024-09-30 00:00:00";292532
"2024-10-01 00:00:00";236964
"2024-10-02 00:00:00";255706
"2024-10-03 00:00:00";252312
"2024-10-04 00:00:00";212677
"2024-10-05 00:00:00";199752
"2024-10-06 00:00:00";228390
"2024-10-07 00:00:00";232759
"2024-10-08 00:00:00";236420
"2024-10-09 00:00:00";244998
"2024-10-10 00:00:00";213545
"2024-10-11 00:00:00";185478
"2024-10-12 00:00:00";184666
"2024-10-13 00:00:00";302281
"2024-10-14 00:00:00";243208
"2024-10-15 00:00:00";286666
"2024-10-16 00:00:00";262380
"2024-10-17 00:00:00";234571
"2024-10-18 00:00:00";233669
"2024-10-19 00:00:00";205310
"2024-10-20 00:00:00";241055
"2024-10-21 00:00:00";262329
"2024-10-22 00:00:00";283174
"2024-10-23 00:00:00";240799
"2024-10-24 00:00:00";242441
"2024-10-25 00:00:00";219115
"2024-10-26 00:00:00";170653
"2024-10-27 00:00:00";222868
"2024-10-28 00:00:00";291613
"2024-10-29 00:00:00";269279
"2024-10-30 00:00:00";245265
"2024-10-31 00:00:00";209106
"2024-11-01 00:00:00";230653
"2024-11-02 00:00:00";173287
"2024-11-03 00:00:00";229976
"2024-11-04 00:00:00";237140
"2024-11-05 00:00:00";232769
"2024-11-06 00:00:00";241530
"2024-11-07 00:00:00";231149
"2024-11-08 00:00:00";224196
"2024-11-09 00:00:00";209641
"2024-11-10 00:00:00";181171
"2024-11-11 00:00:00";246461
"2024-11-12 00:00:00";219265
"2024-11-13 00:00:00";246321
"2024-11-14 00:00:00";225194
"2024-11-15 00:00:00";184760
"2024-11-16 00:00:00";176643
"2024-11-17 00:00:00";228555
"2024-11-18 00:00:00";216410
"2024-11-19 00:00:00";230269
"2024-11-20 00:00:00";230014
"2024-11-21 00:00:00";239669
"2024-11-22 00:00:00";242325
"2024-11-23 00:00:00";235468
"2024-11-24 00:00:00";190932
"2024-11-25 00:00:00";235056
"2024-11-26 00:00:00";261759
"2024-11-27 00:00:00";229871
"2024-11-28 00:00:00";254548
"2024-11-29 00:00:00";205387
"2024-11-30 00:00:00";177725
"2024-12-01 00:00:00";209975
"2024-12-02 00:00:00";474818
"2024-12-03 00:00:00";459069
"2024-12-04 00:00:00";444538
"2024-12-05 00:00:00";404760
"2024-12-06 00:00:00";362809
"2024-12-07 00:00:00";367900
"2024-12-08 00:00:00";404618
"2024-12-09 00:00:00";392394
"2024-12-10 00:00:00";391582
"2024-12-11 00:00:00";361739
"2024-12-12 00:00:00";413343
"2024-12-13 00:00:00";180182
"2024-12-14 00:00:00";160849
"2024-12-15 00:00:00";182641
"2024-12-16 00:00:00";237861
"2024-12-17 00:00:00";266375
"2024-12-18 00:00:00";250136
"2024-12-19 00:00:00";259130
"2024-12-20 00:00:00";229163
"2024-12-21 00:00:00";187279
"2024-12-22 00:00:00";204119
"2024-12-23 00:00:00";200086
"2024-12-24 00:00:00";179974
"2024-12-25 00:00:00";162915
"2024-12-26 00:00:00";194598
"2024-12-27 00:00:00";201699
"2024-12-28 00:00:00";187649
"2024-12-29 00:00:00";186793
"2024-12-30 00:00:00";210333
"2024-12-31 00:00:00";185917
"2025-01-01 00:00:00";254915
"2025-01-02 00:00:00";319387
"2025-01-03 00:00:00";299900
"2025-01-04 00:00:00";282371
"2025-01-05 00:00:00";228895
"2025-01-06 00:00:00";270328
"2025-01-07 00:00:00";248986
"2025-01-08 00:00:00";327503
"2025-01-09 00:00:00";322206
"2025-01-10 00:00:00";310745
"2025-01-11 00:00:00";292440
"2025-01-12 00:00:00";227472
"2025-01-13 00:00:00";249375
"2025-01-14 00:00:00";249375